pair,start,ret,bh,dd,bh_dd,trades
BTC-USD,2022-12-23,0.5244852699992166,0.8303168405235437,-0.1867686649518966,-0.1857474571311618,3
BTC-USD,2023-03-24,-0.09952138737001637,-0.03313441913999804,-0.18676866495189626,-0.200804656100392,4
BTC-USD,2023-06-23,0.24037905904309875,0.43331669250716676,-0.2160010721187129,-0.200804656100392,7
BTC-USD,2023-09-22,1.1011873040921785,1.4009932877825602,-0.15897040329736478,-0.158970403297365,5
BTC-USD,2023-12-22,0.4159178954864051,0.45682449544721604,-0.203314991008414,-0.203314991008414,3
BTC-USD,2024-03-22,-0.16186776124465396,-0.009462887466433867,-0.25133082924073924,-0.24674526297800436,9
BTC-USD,2024-06-21,0.22508637036731183,0.524712618223127,-0.20875341260144686,-0.20945763968565878,11
BTC-USD,2024-09-20,0.16087467502802943,0.32986936228666397,-0.2673219270118111,-0.2601237989036471,8
BTC-USD,2024-12-20,-0.13216415075372012,0.056797422390425956,-0.2720843344862345,-0.2817240813472136,7
BTC-USD,2025-03-21,0.22943275125121687,0.3762533017312468,-0.12254369389594155,-0.12878786320766888,1
BTC-USD,2025-06-20,-0.08524736153911805,-0.14736231317352877,-0.2288892309158177,-0.3210075457771078,8
BTC-USD,2025-09-19,-0.18307735463290964,-0.3906415865427212,-0.20484126674126368,-0.49654462244214226,8
BTC-USD,2025-12-19,-0.0979611058977039,-0.27944953409847473,-0.13091404920079108,-0.3723853377169405,6
ETH-USD,2022-12-23,0.2992556840728757,0.552282116860122,-0.18866874802011258,-0.22132759767366184,3
ETH-USD,2023-03-24,-0.024140221932402173,-0.09069997088924786,-0.1886687480201128,-0.26825057663190377,6
ETH-USD,2023-06-23,0.2313626269674367,0.22849402743892777,-0.11165423514019424,-0.23265784291732095,5
ETH-USD,2023-09-22,0.8772423440357344,1.09500762697501,-0.22360871671654947,-0.22360871671654947,1
ETH-USD,2023-12-22,0.3809749787084633,0.5118920196874934,-0.33410020683759556,-0.291625371045765,5
ETH-USD,2024-03-22,-0.18773609087565413,-0.2323328569159917,-0.2956857495244052,-0.42826520541185176,10
ETH-USD,2024-06-21,0.0379906701834396,-0.0132833312957219,-0.14785050227740693,-0.37094621344946543,5
ETH-USD,2024-09-20,-0.022631796175350383,-0.23303487092216302,-0.288550602108942,-0.5348324702065265,2
ETH-USD,2024-12-20,-0.33267348155649223,-0.3063763697712414,-0.3680528475121906,-0.600964014812646,9
ETH-USD,2025-03-21,0.42000721434067034,1.2753412248470721,-0.23606089179201506,-0.29288727049125196,7
ETH-USD,2025-06-20,0.34665587363466677,0.2371344300432039,-0.2591009181907751,-0.42789221814689393,4
ETH-USD,2025-09-19,-0.24577346839749314,-0.5200424960858869,-0.24281866859387236,-0.6109527305006914,4
ETH-USD,2025-12-19,0.0,-0.42598966430828433,0.0,-0.5323534496634694,0
SOL-USD,2022-12-23,-0.49094938496300766,0.4550084889643464,-0.49094938496300766,-0.4488009135896459,16
SOL-USD,2023-03-24,-0.26529555708145536,-0.06047411707789063,-0.39748924433229404,-0.42924714229404815,12
SOL-USD,2023-06-23,2.99781419965449,4.716452742123687,-0.3156619716227562,-0.35493265380415007,7
SOL-USD,2023-09-22,7.150793071161042,8.023686920700309,-0.3075651095494003,-0.30756510954940064,1
SOL-USD,2023-12-22,0.37304013578191264,0.3731373749744844,-0.37414764304773196,-0.37414764304773196,6
SOL-USD,2024-03-22,-0.42674607110661544,-0.16309061858023288,-0.5042596978023187,-0.38230062259116504,16
SOL-USD,2024-06-21,-0.27649134374012796,0.44514642485506184,-0.44018596796926834,-0.32390481341265553,15
SOL-USD,2024-09-20,-0.03204032416357239,-0.12423291967816719,-0.33438382861122584,-0.548685064315432,10
SOL-USD,2024-12-20,-0.2318559459272288,-0.2791750244303862,-0.4262094874619722,-0.5978854154738731,14
SOL-USD,2025-03-21,0.18022047788680973,0.8582217377763937,-0.2898778959404036,-0.282977797126687,15
SOL-USD,2025-06-20,-0.27033904908582307,-0.09960756332500897,-0.4861873214748853,-0.5172079495879787,16
SOL-USD,2025-09-19,-0.44074436977716813,-0.6236644739598609,-0.43922355119074863,-0.6749311294765841,12
SOL-USD,2025-12-19,0.0,-0.44781678421427995,0.0,-0.5763462849352419,0
XRP-USD,2023-12-10,-0.4060902466774564,-0.24622128174123337,-0.3880528357763574,-0.33586941485682664,16
XRP-USD,2024-03-10,-0.3986893168565999,-0.12997042392375957,-0.4904523868263462,-0.41969843685157004,10
XRP-USD,2024-06-09,2.4393060454149786,4.220974533787849,-0.33364379735568483,-0.2205577689243028,9
XRP-USD,2024-09-08,2.7026935420498686,3.0377714825306894,-0.3509805112015053,-0.35098051120150564,5
XRP-USD,2024-12-08,-0.40944687357331877,-0.12889349771479042,-0.4915325608299438,-0.4551332645255298,14
XRP-USD,2025-03-09,-0.037522004481708615,0.3456033676333021,-0.3468202768119256,-0.2954821996310397,11
XRP-USD,2025-06-08,0.014158795329669571,-0.09862880825360432,-0.3357554263675012,-0.4511134258607584,2
XRP-USD,2025-09-07,-0.18519008671660497,-0.534220862734193,-0.24400411727010596,-0.6115988465235502,2
XRP-USD,2025-12-07,0.0,-0.43499315202504396,0.0,-0.534398296059638,0
ADA-USD,2022-12-23,-0.3901995319700857,0.14417887432536625,-0.43259014354639447,-0.42380742049469955,18
ADA-USD,2023-03-24,-0.2255404441921175,-0.31982232093281515,-0.379890818584938,-0.4653268551236749,10
ADA-USD,2023-06-23,0.9988718293521683,1.0997304582210243,-0.13707865168539346,-0.3218487394957983,3
ADA-USD,2023-09-22,1.1740991456034147,1.5089795918367348,-0.30142322097378327,-0.3014232209737828,1
ADA-USD,2023-12-22,-0.3148609483382867,-0.3968228498074454,-0.3672740893731371,-0.5152179520247614,8
ADA-USD,2024-03-22,-0.19231779445257846,-0.42671221734179277,-0.24863855059389572,-0.5308976093820478,2
ADA-USD,2024-06-21,1.1266102024085685,1.5267358339984036,-0.28416856492027354,-0.30201342281879195,3
ADA-USD,2024-09-20,-0.23351804692721345,0.9997162315550512,-0.7215009908475306,-0.48543768304588353,12
ADA-USD,2024-12-20,-0.7295889925993911,-0.3918719730469572,-0.7478307398475097,-0.5087178584008454,18
ADA-USD,2025-03-21,0.06558519259593654,0.2630906768837804,-0.22867573846664446,-0.35541022592152194,5
ADA-USD,2025-06-20,-0.08406709579867466,-0.34781855955678675,-0.3196819600499373,-0.6346233874323762,2
ADA-USD,2025-09-19,-0.30539252217566926,-0.7010448264239972,-0.3035864317578171,-0.7258281110116382,4
ADA-USD,2025-12-19,0.0,-0.5702150252190072,0.0,-0.6281716860327247,0
DOGE-USD,2022-12-23,-0.188833800646097,-0.1156735751295338,-0.3165045184160047,-0.3715534283633336,8
DOGE-USD,2023-03-24,-0.28475549579265014,-0.17511397157414854,-0.28475549579265014,-0.37135720233139047,10
DOGE-USD,2023-06-23,0.2255493030333755,0.39211952541379813,-0.2168197400966687,-0.2928527794746488,7
DOGE-USD,2023-09-22,1.253347568208779,1.4863459037711317,-0.29454007236048696,-0.29454007236048685,1
DOGE-USD,2023-12-22,0.34944002393529483,0.3057659932659933,-0.40888020359934496,-0.4447373204871842,4
DOGE-USD,2024-03-22,-0.11924495324545825,-0.30995031380753135,-0.402050845641701,-0.5794855480821669,4
DOGE-USD,2024-06-21,1.4056117353840691,1.5605157131345688,-0.327299601559488,-0.34010840108401086,3
DOGE-USD,2024-09-20,0.9820187571724104,0.5841781146376124,-0.43916901589477775,-0.6701940790882996,4
DOGE-USD,2024-12-20,-0.37228351107351854,-0.48895392749244704,-0.516791776644512,-0.6579941755517582,8
DOGE-USD,2025-03-21,0.11719276894346753,0.5873452544704263,-0.30267289856130863,-0.3961857644430259,5
DOGE-USD,2025-06-20,-0.0050148677216803605,-0.18615678305314365,-0.3250953507650858,-0.5786328624227142,2
DOGE-USD,2025-09-19,-0.29025315477755054,-0.6453168563032174,-0.29187924196547266,-0.6701646935803114,4
DOGE-USD,2025-12-19,-0.12919539307785644,-0.3684170702179177,-0.15968188688950247,-0.4630142405063292,6
LINK-USD,2022-12-23,-0.44910870363150834,0.022903334456045865,-0.44910870363150834,-0.4021663172606569,24
LINK-USD,2023-03-24,-0.2143423450044052,-0.03375000000000006,-0.37393672608980666,-0.402166317260657,9
LINK-USD,2023-06-23,0.9893165024413659,1.5508725716167269,-0.20224220110060998,-0.30278741476253135,5
LINK-USD,2023-09-22,1.623628288055197,1.6407934454506252,-0.22601446271475323,-0.2260144627147529,1
LINK-USD,2023-12-22,-0.1501735534664943,-0.10649283593649161,-0.3946055507297457,-0.40210031781124767,8
LINK-USD,2024-03-22,-0.28922900526160455,-0.3773677335075114,-0.3431096562493633,-0.5257634064670897,6
LINK-USD,2024-06-21,0.7323588594108004,0.6893238948280844,-0.2210065645514222,-0.3597598002833816,3
LINK-USD,2024-09-20,0.23532699952613223,0.21977445580907418,-0.4298063010715256,-0.5675943654266958,6
LINK-USD,2024-12-20,-0.29983154489753283,-0.46513020053876086,-0.38464052055093656,-0.5907897697442436,8
LINK-USD,2025-03-21,0.530828292106817,0.6830789077617718,-0.2048713515712396,-0.3295768169273229,1
LINK-USD,2025-06-20,0.05458396197463067,0.0017587337117275226,-0.39566411542582436,-0.5544265969368696,4
LINK-USD,2025-09-19,-0.354184163676899,-0.6118208141713508,-0.34606043203838555,-0.6635155850792029,6
LINK-USD,2025-12-19,-0.07653757408670869,-0.36629159683983725,-0.10267628009901242,-0.4781715095676824,4
LTC-USD,2022-12-23,0.009561480816810963,0.3893199452304881,-0.35064526329474244,-0.32199105580400555,13
LTC-USD,2023-03-24,-0.42396214393459686,-0.31331342009814367,-0.46688503593543507,-0.4821334272135187,16
LTC-USD,2023-06-23,-0.3246948005707866,-0.19338589575120457,-0.34364203764968315,-0.4821334272135187,13
LTC-USD,2023-09-22,-0.2299373052891026,0.2961006680130496,-0.39483047353820033,-0.24455788865343853,19
LTC-USD,2023-12-22,-0.2738921294492881,0.006652185718164727,-0.34116076916890303,-0.33443283855598316,18
LTC-USD,2024-03-22,-0.10771715755227806,-0.21682847896440127,-0.3134487459174258,-0.4869891881986439,4
LTC-USD,2024-06-21,0.2592988686548954,0.3664194200944031,-0.2709037472446729,-0.2709037472446729,5
LTC-USD,2024-09-20,0.2629676392830984,0.38980716253443526,-0.27751653196179304,-0.362290299051787,6
LTC-USD,2024-12-20,-0.1017303534099766,-0.18120805369127513,-0.3318152191102034,-0.4960612691466083,6
LTC-USD,2025-03-21,0.042339917671600835,0.2565796718423081,-0.16961967313273274,-0.2681919288210993,7
LTC-USD,2025-06-20,-0.03930521397004072,-0.06641755062680799,-0.2758927828552127,-0.4329463876584696,6
LTC-USD,2025-09-19,-0.2028699643388352,-0.5075804048724915,-0.2472642186968994,-0.5974118767862813,6
LTC-USD,2025-12-19,0.0,-0.43150419625564884,0.0,-0.5069096974029068,0
