pair,start,ret,bh,bh_net,dd,bh_dd,trades
SPY,2023-09-08 19:30,0.04478851498642822,0.07595788107138879,0.07541990213085326,-0.04620788696721101,-0.0900976623494184,45
SPY,2023-11-10 20:30,0.07661076493291907,0.18131685005888665,0.18072619163385717,-0.02191454626819922,-0.02304522483836602,38
SPY,2024-01-19 17:30,0.01542976542376051,0.09535099942595537,0.09480332392624247,-0.04384792822096262,-0.05601596467707548,48
SPY,2024-03-25 16:30,-0.015368694870229072,0.02396660083737112,0.02345461753695255,-0.04489477473090109,-0.06271630204810241,50
SPY,2024-05-29 16:30,-0.007990256891506231,0.07758122314227256,0.07704243253070153,-0.0559726136220533,-0.08888271766355971,48
SPY,2024-08-05 13:30,0.025647841140323813,0.18203013759001263,0.18143912252121774,-0.04867937571668923,-0.042017090666304324,48
SPY,2024-10-08 13:30,0.03910232622157683,0.06700417086764943,0.06647066878221564,-0.033561528766492654,-0.05396791664703604,46
SPY,2024-12-11 18:30,-0.06339419144080538,-0.10423896810596045,-0.10468684862190747,-0.12128068187104746,-0.19433840940536895,45
SPY,2025-02-20 15:30,-0.0972302580366482,0.014566115163441973,0.014058832105860342,-0.1252126033144535,-0.1910254153988299,47
SPY,2025-04-25 14:30,-0.05037851074688515,0.18440499660400778,0.18381279410570595,-0.07113628187656151,-0.02922151379826754,57
SPY,2025-07-01 14:30,-0.0011382924087964819,0.09091496963073964,0.09036951214592426,-0.036682949460956404,-0.02961190022351312,52
SPY,2025-09-04 18:30,0.029889100242724176,0.06364268119293048,0.063110859852334,-0.03269952560650413,-0.05290422393271288,42
QQQ,2023-09-08 19:30,0.04484747990861715,0.12068717511331761,0.12012683152576109,-0.06358885073119325,-0.09234354752220808,45
QQQ,2023-11-10 20:30,0.06623347258426215,0.17643037179198084,0.17584215660608482,-0.032656799126363656,-0.039887427929285124,42
QQQ,2024-01-19 17:30,0.002199851859213231,0.09202204536888847,0.091476034346204,-0.04938117840920664,-0.0770172645598568,44
QQQ,2024-03-25 16:30,0.01668094063629688,0.006900689206000621,0.006397238861397758,-0.05011200957857609,-0.11176112642912539,40
QQQ,2024-05-29 16:30,0.0990086453750525,0.053521843307842154,0.05299508238618822,-0.06430494268492404,-0.1412807868980891,38
QQQ,2024-08-05 13:30,0.11451837254813246,0.22736213761391988,0.226748456545113,-0.03945251337183053,-0.07146044400424256,40
QQQ,2024-10-08 13:30,0.07098893242268334,0.10118030845094772,0.1006297182967224,-0.025803994341067504,-0.07216272976935745,40
QQQ,2024-12-11 18:30,-0.02194582857442917,-0.12057194639443125,-0.12101166042123401,-0.10962102760659276,-0.2315530494980258,39
QQQ,2025-02-20 15:30,-0.04448252152176979,0.02576401176374099,0.02525112975785926,-0.10536730448349585,-0.22725440874159686,42
QQQ,2025-04-25 14:30,-0.018607134469658004,0.2251628859049335,0.224550304461981,-0.06476656518635993,-0.03594297308023653,49
QQQ,2025-07-01 14:30,0.01268264270790831,0.12640135689732523,0.12583815621887662,-0.03236809185102718,-0.039084100501205365,46
QQQ,2025-09-04 18:30,0.039775647361332656,0.0759144991356373,0.07537654188606946,-0.05053151749791085,-0.08285144444848369,38
IWM,2023-09-08 19:30,0.06199060429952796,0.034460331252908594,0.03394310108728216,-0.04389491744044505,-0.1276338410441593,36
IWM,2023-11-10 20:30,0.03293117222577191,0.22011349096538768,0.21950343421990515,-0.04178154834331438,-0.08084113394904491,41
IWM,2024-01-19 17:30,0.056345603813858336,0.05858077206943113,0.05805148168339658,-0.06602539235222571,-0.09286051720873967,46
IWM,2024-03-25 16:30,0.054657000453911975,0.012596244361211761,0.012089946239031146,-0.059425651723442385,-0.09286051720873956,50
IWM,2024-05-29 16:30,0.0018074716059426343,0.07334649636071111,0.07280982311253092,-0.09464247137659243,-0.115990918042571,54
IWM,2024-08-05 13:30,0.006096373373667863,0.20058266542758796,0.1999823740948743,-0.08027113993502766,-0.07816541413096068,55
IWM,2024-10-08 13:30,0.035509460231141654,0.03184333484843038,0.03132741318100618,-0.10504325330245767,-0.12189325445054267,52
IWM,2024-12-11 18:30,-0.14378284414926046,-0.19677657721742547,-0.19717818892881667,-0.17227260214135753,-0.27539509644001836,46
IWM,2025-02-20 15:30,-0.21372735696262068,-0.03505117312375172,-0.035533647537189794,-0.21530680613510655,-0.22827588604421134,56
IWM,2025-04-25 14:30,-0.053037184730700515,0.2213518556996843,0.2207411797718346,-0.10076240131353797,-0.05642312378413661,59
IWM,2025-07-01 14:30,-0.011080703702765704,0.11269740183484322,0.11214105313392597,-0.06236754730803229,-0.05642312378413672,56
IWM,2025-09-04 18:30,0.0065851496605326965,0.11518561280196082,0.11462801999555983,-0.06605610027233522,-0.08977518713897581,53
AAPL,2023-09-08 19:30,-0.0710049416666052,0.06804534392431494,0.06751132125235282,-0.07671618849148687,-0.0931133111926471,51
AAPL,2023-11-10 20:30,-0.12320988580240799,-0.08372918785146843,-0.08418732325754263,-0.12555125441589643,-0.1500075108031601,48
AAPL,2024-01-19 17:30,-0.029683209465720672,0.004320826243439324,0.003818665830317647,-0.10906073378720449,-0.16141634571308994,40
AAPL,2024-03-25 16:30,-0.017954343252227112,0.2826422898841261,0.282000968739184,-0.08892472102390592,-0.08430921476021147,44
AAPL,2024-05-29 16:30,-0.029089894188795595,0.15602598262441636,0.15544796963310414,-0.09729493515571275,-0.1306427674451187,46
AAPL,2024-08-05 13:30,0.03158350850026648,0.19771884151625674,0.19711998209549875,-0.0953284437805253,-0.07334912142655015,41
AAPL,2024-10-08 13:30,-0.06561013445093822,0.08823922525243488,0.08769510563980876,-0.12222830839013143,-0.15052365486385044,51
AAPL,2024-12-11 18:30,-0.14772443597464846,-0.16773482697548403,-0.16815095956199622,-0.25142252940373266,-0.3332174982062338,55
AAPL,2025-02-20 15:30,-0.11942776919020637,-0.14866294512571432,-0.1490886136531514,-0.18329789070481062,-0.3077570197735148,50
AAPL,2025-04-25 14:30,0.014532283820270608,0.14949295288578246,0.14891820640933973,-0.10894028931582911,-0.08889831744873389,42
AAPL,2025-07-01 14:30,0.10165404874805528,0.30795920315586534,0.30730522355428747,-0.06472046340266746,-0.06168120726895665,43
AAPL,2025-09-04 18:30,0.014412913370241531,0.08908714784151961,0.08854260426759897,-0.06472046340266668,-0.10868822230062658,48
MSFT,2023-09-08 19:30,0.02208574507186034,0.1829794067046655,0.18238791700131318,-0.052703361129331494,-0.08706396007707029,53
MSFT,2023-11-10 20:30,-0.012920119204684832,0.14886883362509984,0.14829439920828724,-0.05270336112933183,-0.05233127263431814,52
MSFT,2024-01-19 17:30,-0.04149269452614146,0.08572944255413595,0.08518657783285888,-0.07789135991776575,-0.0950039972108917,49
MSFT,2024-03-25 16:30,-0.0537054990900101,-0.03593218610411064,-0.03641422001105854,-0.0645677340997809,-0.13359554067478663,44
MSFT,2024-05-29 16:30,0.0606135210733314,-0.04773086466853205,-0.048206999236197756,-0.07738478131467696,-0.15689458992202998,34
MSFT,2024-08-05 13:30,0.011650269957405923,0.13873184655529625,0.13816248063201875,-0.09350530839875038,-0.0756403863134788,38
MSFT,2024-10-08 13:30,-0.06270654490224614,0.007627842797519602,0.007124028876120958,-0.0869476209747273,-0.10628093467378397,43
MSFT,2024-12-11 18:30,-0.05005388033052549,-0.1393768439176668,-0.13980715549570788,-0.15357888323004487,-0.22341875569917713,41
MSFT,2025-02-20 15:30,-0.0428267178141466,0.18959340040013428,0.18899860369993426,-0.12226821934631171,-0.15535292293802305,45
MSFT,2025-04-25 14:30,-0.05693506436685314,0.31030925363567574,0.3096540990088579,-0.06816364208380687,-0.07230809116973402,45
MSFT,2025-07-01 14:30,-0.0305133807253245,0.01195815932783395,0.011452180248170185,-0.06850134708412459,-0.08799321958360373,38
MSFT,2025-09-04 18:30,-0.04933841966566366,-0.09535840527783068,-0.0958107260751917,-0.09348216671867116,-0.16001355367337433,42
NVDA,2023-09-08 19:30,0.13180480347787182,0.29213113612389185,0.29148507055583006,-0.12298845495413024,-0.15942679916104407,48
NVDA,2023-11-10 20:30,0.22775345846368866,0.9665079997768316,0.9655247457769431,-0.13560874632349085,-0.12005532468720936,55
NVDA,2024-01-19 17:30,0.28234704621177364,0.9367160414787223,0.935747683457983,-0.1772716270082808,-0.21597567446681554,51
NVDA,2024-03-25 16:30,0.08799568807377156,0.12131581886623133,0.12075516095679828,-0.1128809972671968,-0.25384307651197746,46
NVDA,2024-05-29 16:30,0.19918992744005792,0.1151027644406808,0.11454521305846055,-0.16216636298977938,-0.2895121115521141,47
NVDA,2024-08-05 13:30,0.3936057890132023,0.4070545539305208,0.4063510266535557,-0.16216636298977938,-0.216555180903918,45
NVDA,2024-10-08 13:30,0.15741155605264545,0.053029588232307745,0.052503073438191716,-0.11664226655453025,-0.23786344516034674,46
NVDA,2024-12-11 18:30,0.007612786500379887,-0.2288452385250933,-0.22923081590583072,-0.15967469787805344,-0.3845497029188931,47
NVDA,2025-02-20 15:30,-0.10030129888583295,0.11807665560891789,0.11751761728111343,-0.1635305514847718,-0.3328575034651349,48
NVDA,2025-04-25 14:30,-0.023546507072605305,0.5683066002615873,0.5675224469614566,-0.15053054791824183,-0.08599343075228782,49
NVDA,2025-07-01 14:30,0.030675792951388114,0.24603464594088842,0.245411628617918,-0.11792446695153935,-0.11442882078205252,48
NVDA,2025-09-04 18:30,-0.16131188122855167,0.06579675958869435,0.06526386120890004,-0.2512260206474771,-0.18979863828117804,54
AMZN,2023-09-08 19:30,-0.14352879875420355,0.11611085544264554,0.11555280001492418,-0.19219478735188567,-0.18333395580558898,51
AMZN,2023-11-10 20:30,-0.09656475340276693,0.24939047746180143,0.24876578222307066,-0.1500414540026236,-0.06865903686903252,53
AMZN,2024-01-19 17:30,-0.042189663362002694,0.1811780549410995,0.18058746591362906,-0.08268951034141925,-0.09501421032178847,47
AMZN,2024-03-25 16:30,-0.058439351865719136,-0.06768879037806685,-0.06815494598287775,-0.07700042314089706,-0.19385455396534135,46
AMZN,2024-05-29 16:30,0.08350756586904584,-0.00971720888908345,-0.01021235028463885,-0.08042865958374301,-0.20966773728504096,40
AMZN,2024-08-05 13:30,0.31218218872178216,0.4550052610194919,0.4542777583889823,-0.045291576303401526,-0.07958522832916659,38
AMZN,2024-10-08 13:30,0.05153121823739215,0.22685850149710207,0.2262450722463536,-0.11987471557399154,-0.07958522832916648,44
AMZN,2024-12-11 18:30,-0.16259213878151946,-0.1907079417724229,-0.19111258780153662,-0.23835601893416414,-0.31680702414660533,43
AMZN,2025-02-20 15:30,-0.05690105605472362,-0.013970623969383977,-0.014463638657399192,-0.13563170627430465,-0.25678645390307864,46
AMZN,2025-04-25 14:30,0.07832649105458267,0.25685424296842685,0.2562258158469426,-0.08182348722330446,-0.10405821417603556,48
AMZN,2025-07-01 14:30,0.0250563048495811,0.11688545905011716,0.11632701632059206,-0.08381858891070615,-0.11184336560201968,48
AMZN,2025-09-04 18:30,-0.014124557087270673,0.010469882170637268,0.009964647229552037,-0.09010940191891648,-0.15689450252935044,44
GOOGL,2023-09-08 19:30,0.04987470453027698,0.0678835441554062,0.06734960238332866,-0.11661567998469502,-0.13897771860978947,45
GOOGL,2023-11-10 20:30,0.17153635634066755,0.12775253697494415,0.12718866070645674,-0.05036666282381752,-0.14742942095994094,42
GOOGL,2024-01-19 17:30,0.05826054625243349,0.21046314272218059,0.20985791115081964,-0.08189277543008433,-0.14742942095994083,47
GOOGL,2024-03-25 16:30,-0.029495120065719527,0.1158448779552006,0.11528695551622303,-0.08189277543008389,-0.13633742117994707,50
GOOGL,2024-05-29 16:30,-0.025359125219905132,-0.07726711690429533,-0.07772848334584315,-0.14184753581690634,-0.2275865476186294,48
GOOGL,2024-08-05 13:30,0.21139793369363735,0.20663724593419808,0.20603392731123105,-0.08151015173144116,-0.12205706986792808,45
GOOGL,2024-10-08 13:30,0.179588357353601,0.12125187331280829,0.12069124737615189,-0.06816112178888623,-0.11466069570542048,44
GOOGL,2024-12-11 18:30,0.011726825023211207,-0.15719241437805254,-0.1576138181708635,-0.12052697959382341,-0.301411747009535,39
GOOGL,2025-02-20 15:30,0.14245154433440255,-0.04730410951859376,-0.047780457463834414,-0.06422042335552813,-0.21976591945780022,34
GOOGL,2025-04-25 14:30,0.17887005360271235,0.4157707272555975,0.41506284189196974,-0.051068724248460984,-0.10045411414480099,38
GOOGL,2025-07-01 14:30,0.20757732486395009,0.6407741298742906,0.6399537428093536,-0.061979948855806155,-0.07336465140480963,47
GOOGL,2025-09-04 18:30,0.1761276536446701,0.44863953701342174,0.447915217244915,-0.0900176651424428,-0.09373859748267843,46
META,2023-09-08 19:30,0.04262249927343453,0.2794077450800805,0.2787680412075406,-0.07718490326068628,-0.13234396514514646,49
META,2023-11-10 20:30,-0.00919500438521359,0.5399756119345174,0.5392056241285501,-0.08949479802230575,-0.07995468644493875,54
META,2024-01-19 17:30,0.006659739574100376,0.2453608541385588,0.24473817371148954,-0.09572273142667176,-0.18706539241627396,49
META,2024-03-25 16:30,0.12598567334698463,-0.03487649883734545,-0.035359060587926705,-0.05645548159230529,-0.18706539241627407,38
META,2024-05-29 16:30,0.14500077412408774,0.23040352807671804,0.22978832631267965,-0.0550754445568048,-0.1613727817767897,42
META,2024-08-05 13:30,0.12962377149462623,0.357548113518829,0.35686933946206967,-0.0695021523333712,-0.07937801318072879,44
META,2024-10-08 13:30,0.05356040581706645,0.18645220883832958,0.18585898273391055,-0.07405537044727462,-0.08115823723225835,42
META,2024-12-11 18:30,-0.03512292785412041,-0.14697031136032201,-0.14739682620464178,-0.1815632882543743,-0.34747378439930676,43
META,2025-02-20 15:30,-0.06742635192184754,0.04709986188423754,0.04657631195329537,-0.1525084991874992,-0.30900029175938426,46
META,2025-04-25 14:30,-0.06499848257905438,0.38091980064454956,0.38022934074422743,-0.09321531083109469,-0.08393254461477073,49
META,2025-07-01 14:30,-0.2138850594763031,-0.1357775821445123,-0.13620969335344002,-0.22796021867043303,-0.2179204069419508,54
META,2025-09-04 18:30,-0.2169351959081809,-0.17356253497624619,-0.17397575370875806,-0.2343464904835887,-0.2598615275534668,56
TSLA,2023-09-08 19:30,-0.06130481272342625,-0.15761132341403572,-0.15803251775232863,-0.145237300010571,-0.29070316142530206,42
TSLA,2023-11-10 20:30,-0.11282792540714548,-0.19733105878894586,-0.1977323932595514,-0.2562622146000426,-0.3869341643101064,49
TSLA,2024-01-19 17:30,-0.03500180414712184,-0.16402307028039054,-0.16444105874525028,-0.2008669620584106,-0.3410663964505004,52
TSLA,2024-03-25 16:30,-0.08201056292051778,0.2050619910199225,0.2044594600244125,-0.23566126471848747,-0.23087446598313732,54
TSLA,2024-05-29 16:30,-0.22367251284604095,0.36198605352044155,0.3613050604936814,-0.29119588517885087,-0.2799750748619597,56
TSLA,2024-08-05 13:30,0.263025341621159,1.1427771459173504,1.1417057573443916,-0.14114772558370126,-0.18434282249293754,43
TSLA,2024-10-08 13:30,0.19528476200563527,0.4422873294651295,0.44156618580039697,-0.23438558602139403,-0.32031088156654264,40
TSLA,2024-12-11 18:30,-0.11640262656980238,-0.3553632773026715,-0.35568559566402014,-0.3250109673501639,-0.5386104923863171,47
TSLA,2025-02-20 15:30,0.017065951930897993,-0.14400286672832308,-0.14443086529495885,-0.22871581568328492,-0.3747389842033343,52
TSLA,2025-04-25 14:30,-0.15543114640519828,0.1999104736544164,0.19931051841758918,-0.2606923344164408,-0.22613587204749208,58
TSLA,2025-07-01 14:30,-0.03407889835042688,0.5000463175705121,0.49929629441172696,-0.15697551694840983,-0.10190249521375472,54
TSLA,2025-09-04 18:30,0.04829942580070212,0.29185095970692254,0.2912050342270691,-0.22175523115543894,-0.17283241121245918,46
