pair,multi_train_edge,multi_test_edge,multi_test_trades,sma_test_edge,test_buy_hold
GWEI-USD,-2.6943207521256785,79.8383584590923,0,72.74749614903341,-80.03903872701093
RE-USD,-60.47014795995283,36.21983580557797,0,17.916959844342717,12.780524914416102
BILL-USD,26.88731461378272,31.978304315111707,8,22.682099826989855,-32.96928327645051
AERO-USD,-13.126224931220666,14.660512945071758,4,6.613770711000777,-28.655051305006552
HYPE-USD,-36.911779384081264,6.451420150786569,6,3.4513239970695997,-17.81382228490832
ONDO-USD,-19.604452156577835,1.7243000731977043,5,-5.2101049787048215,15.809982747337736
SOL-USD,2.3381393316350363,1.089686224881603,5,2.26631088976339,-9.897610921501709
TAO-USD,34.54103384620555,0.9176216064490816,5,-0.7618396740455724,-11.407180059523814
DOGE-USD,9.589910415583624,0.031055464117035747,5,0.9764373979696428,-9.852922035663148
XLM-USD,8.277819007594589,-2.526654517187199,7,2.966635891991587,-11.176400107835017
XRP-USD,6.447582425297249,-4.281496888762759,6,-0.8985089801826218,-4.609867039888027
HBAR-USD,-0.14803204087947552,-4.52011865882872,6,0.5283536606130124,-1.7149857084524212
SUI-USD,-3.9817084994166696,-5.301737703757182,6,0.8049910434691943,-5.048076923076927
ADA-USD,31.007274537246875,-7.878380055949319,7,-4.557260763521387,-10.649918077553256
NEAR-USD,9.367863381747643,-9.067615989066248,9,-0.7930632065233922,-12.251815980629532
ENA-USD,-15.312108809639946,-11.052113085820302,5,-3.576957455572627,11.082802547770697
LINK-USD,-5.606012620708634,-11.139149585782738,7,-4.4186043538348985,4.46752596671256
LTC-USD,3.3881004858071773,-12.154612775588191,8,-6.185945482320299,2.5789239662072028
BTC-USD,-2.337255504434399,-14.169023380648571,9,-8.51616319099222,0.5948144222900131
ZEC-USD,54.40858293049213,-15.735769506310081,5,-18.04747107998066,9.592193481291345
ETH-USD,6.659323679044482,-19.275852182062913,9,-7.806533234715085,3.95338973591981
UNI-USD,0.8798549388410404,-19.96622323528158,6,-18.453203849136024,19.450515142054336
PUMP-USD,-8.502558566570173,-21.24317050226058,7,-17.38974411538309,11.818181818181817
VVV-USD,-4.9959544611280275,-23.1221223137129,7,-8.949198346016619,4.220056064160449
ALLO-USD,-238.79636017385337,-33.380180139652616,8,-35.416571671541995,26.246010311809485
