pair,timeframe,strat_return,buy_hold,edge_vs_hold,trades,win_rate,fees_paid,max_dd
ADA-USD,5min,-0.9478497112082795,-0.331152902698283,-0.6166968085099965,206,0.10194174757281553,7206.550457152784,-0.9480369712730135
ADA-USD,15min,-0.6030414519829894,-0.33005733005733007,-0.27298412192565935,65,0.12307692307692308,4649.120928035349,-0.6151294796277034
ADA-USD,1h,-0.11893336850784031,-0.3303315595579206,0.2113981910500803,14,0.21428571428571427,1618.3293123339765,-0.23309056304788267
AERO-USD,5min,-0.9457594555422035,-0.048995983935743004,-0.8967634716064605,194,0.16494845360824742,7361.379323487627,-0.9477351520431
AERO-USD,15min,-0.7146716121857217,-0.048995983935743004,-0.6656756282499787,68,0.19117647058823528,4476.172619728925,-0.7212031961472898
AERO-USD,1h,-0.01780305062417742,-0.049061453026756685,0.031258402402579266,13,0.3076923076923077,1688.247164874014,-0.275100619071204
ALLO-USD,5min,-0.4949377619242541,4.917146144994246,-5.4120839069185,185,0.22702702702702704,35457.09598942685,-0.897226191331792
ALLO-USD,15min,0.16664379985457134,4.917146144994246,-4.750502345139674,77,0.22077922077922077,19207.015335865104,-0.7966940903988695
ALLO-USD,1h,0.7879799979892697,4.917146144994246,-4.129166147004976,17,0.23529411764705882,4123.100912012911,-0.6035045655286955
BILL-USD,5min,-0.944294151776597,-0.681891804340784,-0.26240234743581303,187,0.22994652406417113,7311.2231479392585,-0.9497790939917561
BILL-USD,15min,-0.6014676843282825,-0.6849197860962567,0.08345210176797424,58,0.25862068965517243,4608.889861464847,-0.6997183087228879
BILL-USD,1h,-0.5040369402530813,-0.6850208489254785,0.18098390867239722,13,0.3076923076923077,1098.2510290766422,-0.566168159264697
BTC-USD,5min,-0.9484748581354681,-0.17100743062303514,-0.7774674275124329,210,0.04285714285714286,7683.922914889436,-0.948547090017999
BTC-USD,15min,-0.630848740244853,-0.17058382811679973,-0.4602649121280533,68,0.058823529411764705,4959.156767352945,-0.631761814712571
BTC-USD,1h,-0.15863235593401337,-0.1688497680800175,0.010217412146004134,12,0.16666666666666666,1318.1230476369008,-0.1691744026905243
DOGE-USD,5min,-0.9453630180421977,-0.3246879875195008,-0.6206750305226969,202,0.07920792079207921,7491.499921390841,-0.945867893416916
DOGE-USD,15min,-0.7679815946339386,-0.32323627125268706,-0.4447453233812515,78,0.05128205128205128,4832.755969208953,-0.7700925909184402
DOGE-USD,1h,-0.23404097189836548,-0.32283926476339453,0.08879829286502905,16,0.125,1700.5561477421952,-0.2500119954379003
ENA-USD,5min,-0.9447493602475695,-0.13147410358565736,-0.8132752566619121,181,0.15469613259668508,6101.879020364368,-0.9459995510422367
ENA-USD,15min,-0.6985370775031776,-0.12887112887112884,-0.5696659486320488,69,0.2028985507246377,4564.132609939605,-0.7088671293841016
ENA-USD,1h,-0.13494920055676007,-0.13147410358565736,-0.003475096971102709,14,0.2857142857142857,1551.5671953921005,-0.34108859718584217
ETH-USD,5min,-0.9456061636459202,-0.1200011338243423,-0.8256050298215779,212,0.07075471698113207,7772.081874383831,-0.9457796193386401
ETH-USD,15min,-0.6265508014823161,-0.1200011338243423,-0.5065496676579738,69,0.14492753623188406,5014.594885644686,-0.627139187973158
ETH-USD,1h,-0.09367909923060758,-0.11591217595185432,0.022233076721246747,13,0.3076923076923077,1473.4973361359616,-0.16255389836356826
GWEI-USD,5min,-0.9082439933918861,-0.7629289447936041,-0.14531504859828204,164,0.15853658536585366,7725.684697632461,-0.9293291896909355
GWEI-USD,15min,-0.793895276006251,-0.7629289447936041,-0.030966331212646914,71,0.11267605633802817,4678.087606480743,-0.8482823456489279
GWEI-USD,1h,0.3239256232169332,-0.7629289447936041,1.0868545680105373,13,0.46153846153846156,2108.6209706131385,-0.45719144550687685
HBAR-USD,5min,-0.9555674176805177,-0.1859075535512965,-0.7696598641292212,207,0.057971014492753624,7616.399598713689,-0.9561212097326923
HBAR-USD,15min,-0.6868578763123272,-0.18480469631971108,-0.5020531799926161,65,0.12307692307692308,4442.808597730259,-0.7557439333320746
HBAR-USD,1h,-0.0883525033330661,-0.18498871331828448,0.09663620998521838,12,0.25,1383.706936773173,-0.26509915000335593
HYPE-USD,5min,-0.9250631211556855,-0.05482562854825623,-0.8702374926074292,192,0.14583333333333334,8565.105702165232,-0.9270330349050249
HYPE-USD,15min,-0.5767675675123496,-0.04818686703691599,-0.5285807004754336,61,0.21311475409836064,5044.785119184344,-0.6231557719280736
HYPE-USD,1h,-0.07653660158371023,-0.04896360372123387,-0.027572997862476356,15,0.2,1850.5767969079354,-0.24977003706181533
LINK-USD,5min,-0.9557064916016358,-0.12292498424038667,-0.8327815073612491,213,0.046948356807511735,7216.916406237052,-0.9558972964657374
LINK-USD,15min,-0.717841939171874,-0.12126315789473674,-0.5965787812771373,74,0.0945945945945946,4787.998512323578,-0.7199637761538829
LINK-USD,1h,-0.16104095958806497,-0.12042988093983764,-0.04061107864822733,16,0.375,1724.8781313879,-0.23604818730573085
LTC-USD,5min,-0.9497144061425622,-0.12563956793632747,-0.8240748382062347,216,0.06481481481481481,7713.179059453456,-0.9497144061425622
LTC-USD,15min,-0.7056746911106225,-0.12397949496867289,-0.5816951961419496,73,0.0547945205479452,4848.598186478064,-0.7056746911106225
LTC-USD,1h,-0.001135762997887646,-0.12497629432960355,0.12384053133171591,12,0.5,1476.7787111092778,-0.09296096191211567
NEAR-USD,5min,-0.9724547475997367,-0.33916849015317285,-0.6332862574465639,213,0.11267605633802817,6446.237515952827,-0.9733180313558807
NEAR-USD,15min,-0.7618096217190472,-0.33723482077542055,-0.42457480094362665,70,0.17142857142857143,4037.3118801288524,-0.7638841495377164
NEAR-USD,1h,-0.14939751368944565,-0.3415697674418604,0.19217225375241476,15,0.26666666666666666,1696.7380515744314,-0.3208017034948626
ONDO-USD,5min,-0.9532221560881938,-0.11016387447717868,-0.8430582816110151,202,0.12871287128712872,6374.5832460131,-0.9538277345482662
ONDO-USD,15min,-0.6949390305642109,-0.1085542885927554,-0.5863847419714555,71,0.16901408450704225,4636.769740599727,-0.7104373328190916
ONDO-USD,1h,-0.2223598118327147,-0.10796196586092333,-0.11439784597179137,18,0.4444444444444444,1690.6125440316664,-0.37413318722888445
PUMP-USD,5min,-0.9205110122304098,0.028428093645485042,-0.9489391058758948,192,0.14583333333333334,7510.198079131201,-0.9219239398911425
PUMP-USD,15min,-0.7057236345909366,0.028428093645485042,-0.7341517282364216,74,0.21621621621621623,4775.708954487116,-0.7204160792240086
PUMP-USD,1h,-0.20228212509904142,0.026711185308848195,-0.22899331040788962,18,0.3888888888888889,1811.391284994409,-0.3193997571939635
RE-USD,5min,-0.6801327298950983,0.26817792985457656,-0.9483106597496749,114,0.16666666666666666,7535.73012110569,-0.8230471876653993
RE-USD,15min,0.3388657821666592,0.26817792985457656,0.07068785231208263,39,0.20512820512820512,6152.792588237098,-0.6529035389964178
RE-USD,1h,-0.3102557064017135,0.22242836528550813,-0.5326840716872216,8,0.0,695.9279435306463,-0.5780460307123436
SOL-USD,5min,-0.9537304159948959,-0.1355397029587183,-0.8181907130361776,212,0.08490566037735849,7508.48086250797,-0.9537304159948959
SOL-USD,15min,-0.5804605042723058,-0.13371616078753068,-0.4467443434847751,66,0.16666666666666666,5028.037253877107,-0.5804605042723058
SOL-USD,1h,0.07300301511286977,-0.13371616078753068,0.20671917590040045,11,0.45454545454545453,1412.4386111182378,-0.12933411596776256
SUI-USD,5min,-0.9694913400877024,-0.3234370539537539,-0.6460542861339486,213,0.07511737089201878,5978.8938856889345,-0.9696131567161295
SUI-USD,15min,-0.7735027958295697,-0.3187044844768111,-0.4547983113527586,70,0.1,4128.669801347302,-0.7769937059488288
SUI-USD,1h,-0.28025101759100757,-0.31922635005744926,0.03897533246644169,14,0.21428571428571427,1370.8759736673019,-0.28841587441046745
TAO-USD,5min,-0.9640440688946839,-0.3220284697508897,-0.6420155991437941,204,0.08823529411764706,6173.9056790762415,-0.9648961539548144
TAO-USD,15min,-0.7569404622649416,-0.31960714285714287,-0.43733331940779874,74,0.06756756756756757,4486.157811923416,-0.7595743461066539
TAO-USD,1h,-0.012220136883933308,-0.3198500535523028,0.3076299166683695,13,0.3076923076923077,1679.0662750553995,-0.22202749900834362
UNI-USD,5min,-0.942509543540908,0.14963942307692313,-1.092148966617831,203,0.11822660098522167,7248.1901497752315,-0.942509543540908
UNI-USD,15min,-0.6163103901679325,0.14963942307692313,-0.7659498132448557,68,0.11764705882352941,4836.578451321653,-0.6215682796476918
UNI-USD,1h,-0.025736873048746722,0.15033072760072153,-0.17606760064946825,17,0.23529411764705882,1993.361176679019,-0.2649777323218686
VVV-USD,5min,-0.9351017535731942,-0.30414869014028745,-0.6309530634329068,187,0.1657754010695187,7416.724900485857,-0.9392698774945784
VVV-USD,15min,-0.8559825250483173,-0.3019739081111741,-0.5540086169371432,77,0.18181818181818182,4321.268012349592,-0.8679829037373995
VVV-USD,1h,-0.4090522050934302,-0.2983882462271734,-0.1106639588662568,16,0.1875,1591.257041192095,-0.5363565509191066
XLM-USD,5min,-0.927980709060122,0.18529695879550978,-1.1132776678556318,200,0.13,9993.343654351063,-0.9495451552572763
XLM-USD,15min,-0.5760891364325107,0.18754380227070966,-0.7636329387032204,71,0.14084507042253522,6842.329022655586,-0.7247207039122032
XLM-USD,1h,0.40132539190665506,0.18653008689621142,0.21479530501044364,11,0.2727272727272727,1847.9185888170705,-0.31554401004668853
XRP-USD,5min,-0.9482282914057741,-0.19472751439964553,-0.7535007770061286,210,0.06190476190476191,7686.929172959485,-0.9482282914057741
XRP-USD,15min,-0.615616251329079,-0.19359609554093027,-0.4220201557881488,66,0.09090909090909091,4862.676751649268,-0.6194010616240619
XRP-USD,1h,-0.10197999241513311,-0.19425151470370916,0.09227152228857605,13,0.23076923076923078,1469.6148296841197,-0.1645955971021673
ZEC-USD,5min,-0.9507409462273212,-0.23737373737373746,-0.7133672088535837,208,0.16826923076923078,6813.465876684292,-0.950863278314505
ZEC-USD,15min,-0.41862875749860906,-0.2344266856277245,-0.18420207187088455,63,0.23809523809523808,5360.523870141838,-0.49949885506410774
ZEC-USD,1h,-0.028163540236123996,-0.23603270091007245,0.20786916067394845,15,0.26666666666666666,1805.3718988173953,-0.22085358027351742
