candidate,date,original_date,original_verdict,bug_ref,reason
d3_trend,2026-08-08,2026-08-08,FAIL,docs/review/2026-08-08_external_review.md#C-1,SlowClock frozen by len%k boundary (tail%24==10): 1 decision per 90d window; 98.6% of windows had no round trip
d3_calm,2026-08-08,2026-08-08,FAIL,docs/review/2026-08-08_external_review.md#C-1,same freeze; row also written by pre-fix ledger writer (21 fields vs 23-field header)
s_trend_33,2026-08-11,2026-08-04,FAIL,docs/review/2026-08-08_external_review.md#C-4,stock loaders read forming bars: 792/799 logged decisions violated the bar-close rule (median -2580s). Exam ran through the same unfiltered loaders; verdict compromised in the optimistic direction.
s_cross_7_33,2026-08-11,2026-08-04,FAIL,docs/review/2026-08-08_external_review.md#C-4,stock loaders read forming bars: 792/799 logged decisions violated the bar-close rule (median -2580s). Exam ran through the same unfiltered loaders; verdict compromised in the optimistic direction.
s_tsmom_21,2026-08-11,2026-08-04,FAIL,docs/review/2026-08-08_external_review.md#C-4,stock loaders read forming bars: 792/799 logged decisions violated the bar-close rule (median -2580s). Exam ran through the same unfiltered loaders; verdict compromised in the optimistic direction.
s_macd_12_26,2026-08-11,2026-08-04,FAIL,docs/review/2026-08-08_external_review.md#C-4,stock loaders read forming bars: 792/799 logged decisions violated the bar-close rule (median -2580s). Exam ran through the same unfiltered loaders; verdict compromised in the optimistic direction.
s_donch_14_7,2026-08-11,2026-08-04,FAIL,docs/review/2026-08-08_external_review.md#C-4,stock loaders read forming bars: 792/799 logged decisions violated the bar-close rule (median -2580s). Exam ran through the same unfiltered loaders; verdict compromised in the optimistic direction.
s_volbrk_7_33,2026-08-11,2026-08-04,FAIL,docs/review/2026-08-08_external_review.md#C-4,stock loaders read forming bars: 792/799 logged decisions violated the bar-close rule (median -2580s). Exam ran through the same unfiltered loaders; verdict compromised in the optimistic direction.
s_rsi14_reg33,2026-08-11,2026-08-04,FAIL,docs/review/2026-08-08_external_review.md#C-4,stock loaders read forming bars: 792/799 logged decisions violated the bar-close rule (median -2580s). Exam ran through the same unfiltered loaders; verdict compromised in the optimistic direction.
s_boll_14,2026-08-11,2026-08-04,FAIL,docs/review/2026-08-08_external_review.md#C-4,stock loaders read forming bars: 792/799 logged decisions violated the bar-close rule (median -2580s). Exam ran through the same unfiltered loaders; verdict compromised in the optimistic direction.
s_calm_7_33,2026-08-11,2026-08-04,FAIL,docs/review/2026-08-08_external_review.md#C-4,stock loaders read forming bars: 792/799 logged decisions violated the bar-close rule (median -2580s). Exam ran through the same unfiltered loaders; verdict compromised in the optimistic direction.
s_nearhi_33,2026-08-11,2026-08-04,FAIL,docs/review/2026-08-08_external_review.md#C-4,stock loaders read forming bars: 792/799 logged decisions violated the bar-close rule (median -2580s). Exam ran through the same unfiltered loaders; verdict compromised in the optimistic direction.
s_rand_21,2026-08-11,2026-08-04,FAIL,docs/review/2026-08-08_external_review.md#C-4,stock loaders read forming bars: 792/799 logged decisions violated the bar-close rule (median -2580s). Exam ran through the same unfiltered loaders; verdict compromised in the optimistic direction.
