pair,windows,strat_total,bh_total,edge,windows_beat_bh,trades,top_pick
GWEI-USD,1,43.919701162407264,19.042882794071048,24.876818368336217,1/1,8,sma_20_50
ENA-USD,9,-63.10282188979806,-80.98353233935786,17.88071044955981,5/9,50,sma_30_100
XLM-USD,9,-35.60728949555805,-39.306480990254244,3.699191494696197,4/9,39,sma_30_100
SUI-USD,9,-67.52563196036732,-68.26829464726583,0.7426626868984987,4/9,40,sma_30_100
TAO-USD,9,-47.25107332330856,-46.76707335411856,-0.48399996918999655,5/9,51,sma_30_100
ADA-USD,9,-75.36319303163769,-73.35193133022426,-2.011261701413436,4/9,54,sma_30_100
DOGE-USD,9,-77.2005680621803,-61.77339818615503,-15.427169876025271,5/9,53,sma_30_100
XRP-USD,9,-69.21222465027479,-53.270755497452235,-15.941469152822553,3/9,55,sma_30_100
ETH-USD,9,-66.22232722669352,-50.188075023627555,-16.034252203065968,3/9,44,sma_30_100
AERO-USD,9,-56.05728970029708,-38.29362401680342,-17.763665683493667,4/9,69,multi
HBAR-USD,9,-80.02734398257041,-59.467352458421644,-20.559991524148767,3/9,71,multi
ONDO-USD,9,-74.16649146159666,-50.803521343071026,-23.362970118525638,4/9,64,sma_30_100
LINK-USD,9,-76.18868214193813,-50.55762596847308,-25.63105617346505,3/9,47,sma_30_100
SOL-USD,9,-84.08224370924621,-56.859927453507765,-27.222316255738455,2/9,79,sma_30_100
BTC-USD,9,-68.64777886396998,-39.98651684421303,-28.66126201975695,3/9,48,sma_30_100
NEAR-USD,9,-39.18129990165635,-10.446767101718335,-28.734532799938016,4/9,64,sma_30_100
LTC-USD,9,-77.31480715137971,-48.543149051169706,-28.771658100210008,3/9,51,sma_30_100
PUMP-USD,9,-77.25006702787181,-40.55251861653991,-36.697548411331894,0/9,47,sma_30_100
UNI-USD,9,-79.08995523400168,-41.506794446946046,-37.58316078705563,2/9,66,sma_30_100
HYPE-USD,2,2.212758864066955,62.24246638276982,-60.02970751870287,0/2,9,sma_30_100
ZEC-USD,9,49.29008877689438,137.59897110214743,-88.30888232525305,4/9,52,sma_30_100
ALLO-USD,5,107.2723790781132,457.3959422817438,-350.1235632036306,1/5,30,sma_30_100
VVV-USD,8,140.81501849451126,866.8903249991962,-726.0753065046849,2/8,48,sma_30_100
