utc,bot,action,pair,px,units,fee,net_pnl,gross_pnl,hold_h,exit_kind,loss_cause,mfe_pct,mae_pct
2026-08-03T14:13:51.193033+00:00,s_trend_33,BUY,TSLA,318.062516,4.71605400,0.00,,,,,,,
2026-08-03T14:13:51.193033+00:00,s_trend_33,BUY,NVDA,204.282918,7.34275786,0.00,,,,,,,
2026-08-03T14:13:51.193033+00:00,s_cross_7_33,BUY,TSLA,318.062516,4.71605400,0.00,,,,,,,
2026-08-03T14:13:51.193033+00:00,s_cross_7_33,BUY,NVDA,204.282918,7.34275786,0.00,,,,,,,
2026-08-03T14:13:51.193033+00:00,s_tsmom_21,BUY,TSLA,318.062516,4.71605400,0.00,,,,,,,
2026-08-03T14:13:51.193033+00:00,s_tsmom_21,BUY,NVDA,204.282918,7.34275786,0.00,,,,,,,
2026-08-03T14:13:51.193033+00:00,s_macd_12_26,BUY,TSLA,318.062516,4.71605400,0.00,,,,,,,
2026-08-03T14:13:51.193033+00:00,s_macd_12_26,BUY,NVDA,204.282918,7.34275786,0.00,,,,,,,
2026-08-03T14:13:51.193033+00:00,s_donch_14_7,BUY,TSLA,318.062516,4.71605400,0.00,,,,,,,
2026-08-03T14:13:51.193033+00:00,s_donch_14_7,BUY,NVDA,204.282918,7.34275786,0.00,,,,,,,
2026-08-03T14:13:51.193033+00:00,s_volbrk_7_33,BUY,TSLA,318.062516,4.71605400,0.00,,,,,,,
2026-08-03T14:13:51.193033+00:00,s_volbrk_7_33,BUY,NVDA,204.282918,7.34275786,0.00,,,,,,,
2026-08-03T14:13:51.193033+00:00,s_calm_7_33,BUY,TSLA,318.062516,4.71605400,0.00,,,,,,,
2026-08-03T14:13:51.193033+00:00,s_calm_7_33,BUY,NVDA,204.282918,7.34275786,0.00,,,,,,,
2026-08-03T14:13:51.193033+00:00,s_nearhi_33,BUY,TSLA,318.062516,4.71605400,0.00,,,,,,,
2026-08-03T14:13:51.193033+00:00,s_nearhi_33,BUY,NVDA,204.282918,7.34275786,0.00,,,,,,,
