time,bot,equity,cash,holdings
2026-08-02T16:21:24.571924+00:00,h_trend_168,3000.00,3000.00,cash
2026-08-02T16:21:24.571924+00:00,h_cross_24_168,3000.00,3000.00,cash
2026-08-02T16:21:24.571924+00:00,h_tsmom_72,3000.00,3000.00,cash
2026-08-02T16:21:24.571924+00:00,h_macd_12_26,3000.00,3000.00,cash
2026-08-02T16:21:24.571924+00:00,h_donch_48_24,3000.00,3000.00,cash
2026-08-02T16:21:24.571924+00:00,h_volbrk_24_96,3000.00,3000.00,cash
2026-08-02T16:21:24.571924+00:00,h_rsi14_reg168,3000.00,3000.00,cash
2026-08-02T16:21:24.571924+00:00,h_boll_48,3000.00,3000.00,cash
2026-08-02T16:21:24.571924+00:00,h_calm_24_168,3000.00,3000.00,cash
2026-08-02T16:21:24.571924+00:00,h_nearhi_168,3000.00,3000.00,cash
2026-08-02T16:28:57.703486+00:00,h_trend_168,2982.49,137.25,ADA-USD XRP-USD
2026-08-02T16:28:57.703486+00:00,h_cross_24_168,2989.98,1637.25,ADA-USD
2026-08-02T16:28:57.703486+00:00,h_tsmom_72,2989.98,1637.25,ADA-USD
2026-08-02T16:28:57.703486+00:00,h_macd_12_26,2983.00,137.25,ADA-USD SOL-USD
2026-08-02T16:28:57.703486+00:00,h_donch_48_24,2989.98,1637.25,ADA-USD
2026-08-02T16:28:57.703486+00:00,h_volbrk_24_96,3000.00,3000.00,cash
2026-08-02T16:28:57.703486+00:00,h_rsi14_reg168,3000.00,3000.00,cash
2026-08-02T16:28:57.703486+00:00,h_boll_48,3000.00,3000.00,cash
2026-08-02T16:28:57.703486+00:00,h_calm_24_168,2985.35,0.00,SOL-USD LINK-USD
2026-08-02T16:28:57.703486+00:00,h_nearhi_168,2981.85,137.25,ADA-USD DOGE-USD
2026-08-02T17:29:15.898861+00:00,h_trend_168,2981.05,137.25,ADA-USD XRP-USD
2026-08-02T17:29:15.898861+00:00,h_cross_24_168,2983.56,1637.25,ADA-USD
2026-08-02T17:29:15.898861+00:00,h_tsmom_72,2983.56,1637.25,ADA-USD
2026-08-02T17:29:15.898861+00:00,h_macd_12_26,2981.49,137.25,ADA-USD SOL-USD
2026-08-02T17:29:15.898861+00:00,h_donch_48_24,2983.56,1637.25,ADA-USD
2026-08-02T17:29:15.898861+00:00,h_volbrk_24_96,3000.00,3000.00,cash
2026-08-02T17:29:15.898861+00:00,h_rsi14_reg168,3000.00,3000.00,cash
2026-08-02T17:29:15.898861+00:00,h_boll_48,3000.00,3000.00,cash
2026-08-02T17:29:15.898861+00:00,h_calm_24_168,3000.85,0.00,SOL-USD LINK-USD
2026-08-02T17:29:15.898861+00:00,h_nearhi_168,2980.85,137.25,ADA-USD DOGE-USD
2026-08-02T18:29:38.456281+00:00,h_trend_168,2984.16,137.25,ADA-USD XRP-USD
2026-08-02T18:29:38.456281+00:00,h_cross_24_168,2987.84,1637.25,ADA-USD
2026-08-02T18:29:38.456281+00:00,h_tsmom_72,2987.84,1637.25,ADA-USD
2026-08-02T18:29:38.456281+00:00,h_macd_12_26,2988.23,137.25,ADA-USD SOL-USD
2026-08-02T18:29:38.456281+00:00,h_donch_48_24,2987.84,1637.25,ADA-USD
2026-08-02T18:29:38.456281+00:00,h_volbrk_24_96,3000.00,3000.00,cash
2026-08-02T18:29:38.456281+00:00,h_rsi14_reg168,3000.00,3000.00,cash
2026-08-02T18:29:38.456281+00:00,h_boll_48,3000.00,3000.00,cash
2026-08-02T18:29:38.456281+00:00,h_calm_24_168,3005.39,0.00,SOL-USD LINK-USD
2026-08-02T18:29:38.456281+00:00,h_nearhi_168,2993.33,137.25,ADA-USD DOGE-USD
2026-08-02T19:30:03.364420+00:00,h_trend_168,2977.48,137.25,ADA-USD XRP-USD
2026-08-02T19:30:03.364420+00:00,h_cross_24_168,2982.13,1637.25,ADA-USD
2026-08-02T19:30:03.364420+00:00,h_tsmom_72,2982.13,1637.25,ADA-USD
2026-08-02T19:30:03.364420+00:00,h_macd_12_26,2987.23,137.25,ADA-USD SOL-USD
2026-08-02T19:30:03.364420+00:00,h_donch_48_24,2970.78,143.33,ADA-USD DOGE-USD
2026-08-02T19:30:03.364420+00:00,h_volbrk_24_96,2989.52,1500.00,LTC-USD
2026-08-02T19:30:03.364420+00:00,h_rsi14_reg168,3000.00,3000.00,cash
2026-08-02T19:30:03.364420+00:00,h_boll_48,3000.00,3000.00,cash
2026-08-02T19:30:03.364420+00:00,h_calm_24_168,3008.38,0.00,SOL-USD LINK-USD
2026-08-02T19:30:03.364420+00:00,h_nearhi_168,2983.90,137.25,ADA-USD DOGE-USD
2026-08-02T20:30:30.592445+00:00,h_trend_168,2978.70,137.25,ADA-USD XRP-USD
2026-08-02T20:30:30.592445+00:00,h_cross_24_168,2983.56,1637.25,ADA-USD
2026-08-02T20:30:30.592445+00:00,h_tsmom_72,2974.95,146.18,ADA-USD DOGE-USD
2026-08-02T20:30:30.592445+00:00,h_macd_12_26,2976.81,0.00,SOL-USD ETH-USD
2026-08-02T20:30:30.592445+00:00,h_donch_48_24,2971.16,143.33,ADA-USD DOGE-USD
2026-08-02T20:30:30.592445+00:00,h_volbrk_24_96,2978.90,5.24,LTC-USD DOGE-USD
2026-08-02T20:30:30.592445+00:00,h_rsi14_reg168,3000.00,3000.00,cash
2026-08-02T20:30:30.592445+00:00,h_boll_48,3000.00,3000.00,cash
2026-08-02T20:30:30.592445+00:00,h_calm_24_168,3011.77,0.00,SOL-USD LINK-USD
2026-08-02T20:30:30.592445+00:00,h_nearhi_168,2984.26,137.25,ADA-USD DOGE-USD
2026-08-02T21:30:57.202765+00:00,h_trend_168,2985.44,137.25,ADA-USD XRP-USD
2026-08-02T21:30:57.202765+00:00,h_cross_24_168,2984.27,1637.25,ADA-USD
2026-08-02T21:30:57.202765+00:00,h_tsmom_72,2968.16,1621.14,ADA-USD
2026-08-02T21:30:57.202765+00:00,h_macd_12_26,2986.24,0.00,SOL-USD ETH-USD
2026-08-02T21:30:57.202765+00:00,h_donch_48_24,2975.23,143.33,ADA-USD DOGE-USD
2026-08-02T21:30:57.202765+00:00,h_volbrk_24_96,2984.60,5.24,LTC-USD DOGE-USD
2026-08-02T21:30:57.202765+00:00,h_rsi14_reg168,3000.00,3000.00,cash
2026-08-02T21:30:57.202765+00:00,h_boll_48,3000.00,3000.00,cash
2026-08-02T21:30:57.202765+00:00,h_calm_24_168,3020.21,0.00,SOL-USD LINK-USD
2026-08-02T21:30:57.202765+00:00,h_nearhi_168,2988.38,137.25,ADA-USD DOGE-USD
2026-08-02T22:31:24.074665+00:00,h_trend_168,2994.25,137.25,ADA-USD XRP-USD
2026-08-02T22:31:24.074665+00:00,h_cross_24_168,2985.50,145.11,ADA-USD XRP-USD
2026-08-02T22:31:24.074665+00:00,h_tsmom_72,2971.01,1621.14,ADA-USD
2026-08-02T22:31:24.074665+00:00,h_macd_12_26,2991.22,0.00,SOL-USD ETH-USD
2026-08-02T22:31:24.074665+00:00,h_donch_48_24,2983.34,143.33,ADA-USD DOGE-USD
2026-08-02T22:31:24.074665+00:00,h_volbrk_24_96,2990.86,5.24,LTC-USD DOGE-USD
2026-08-02T22:31:24.074665+00:00,h_rsi14_reg168,3000.00,3000.00,cash
2026-08-02T22:31:24.074665+00:00,h_boll_48,3000.00,3000.00,cash
2026-08-02T22:31:24.074665+00:00,h_calm_24_168,3030.18,0.00,SOL-USD LINK-USD
2026-08-02T22:31:24.074665+00:00,h_nearhi_168,2996.55,137.25,ADA-USD DOGE-USD
2026-08-02T23:31:49.264499+00:00,h_trend_168,2980.19,137.25,ADA-USD XRP-USD
2026-08-02T23:31:49.264499+00:00,h_cross_24_168,2971.51,145.11,ADA-USD XRP-USD
2026-08-02T23:31:49.264499+00:00,h_tsmom_72,2951.45,135.63,ADA-USD DOGE-USD
2026-08-02T23:31:49.264499+00:00,h_macd_12_26,2979.30,0.00,SOL-USD ETH-USD
2026-08-02T23:31:49.264499+00:00,h_donch_48_24,2971.27,143.33,ADA-USD DOGE-USD
2026-08-02T23:31:49.264499+00:00,h_volbrk_24_96,2976.78,5.24,LTC-USD DOGE-USD
2026-08-02T23:31:49.264499+00:00,h_rsi14_reg168,3000.00,3000.00,cash
2026-08-02T23:31:49.264499+00:00,h_boll_48,3000.00,3000.00,cash
2026-08-02T23:31:49.264499+00:00,h_calm_24_168,3019.14,0.00,SOL-USD LINK-USD
2026-08-02T23:31:49.264499+00:00,h_nearhi_168,2984.42,137.25,ADA-USD DOGE-USD
2026-08-03T00:49:57.991919+00:00,h_trend_168,2978.74,137.25,ADA-USD XRP-USD
2026-08-03T00:49:57.991919+00:00,h_cross_24_168,2970.10,145.11,ADA-USD XRP-USD
2026-08-03T00:49:57.991919+00:00,h_tsmom_72,2944.37,135.63,ADA-USD DOGE-USD
2026-08-03T00:49:57.991919+00:00,h_macd_12_26,2965.24,0.00,SOL-USD ETH-USD
2026-08-03T00:49:57.991919+00:00,h_donch_48_24,2964.10,143.33,ADA-USD DOGE-USD
2026-08-03T00:49:57.991919+00:00,h_volbrk_24_96,2968.08,5.24,LTC-USD DOGE-USD
2026-08-03T00:49:57.991919+00:00,h_rsi14_reg168,3000.00,3000.00,cash
2026-08-03T00:49:57.991919+00:00,h_boll_48,3000.00,3000.00,cash
2026-08-03T00:49:57.991919+00:00,h_calm_24_168,3008.57,0.00,SOL-USD LINK-USD
2026-08-03T00:49:57.991919+00:00,h_nearhi_168,2977.12,137.25,ADA-USD DOGE-USD
2026-08-03T02:08:48.886969+00:00,h_trend_168,2946.47,137.25,ADA-USD XRP-USD
2026-08-03T02:08:48.886969+00:00,h_cross_24_168,2937.94,145.11,ADA-USD XRP-USD
2026-08-03T02:08:48.886969+00:00,h_tsmom_72,2916.38,135.63,ADA-USD DOGE-USD
2026-08-03T02:08:48.886969+00:00,h_macd_12_26,2954.11,0.00,SOL-USD ETH-USD
2026-08-03T02:08:48.886969+00:00,h_donch_48_24,2936.07,143.33,ADA-USD DOGE-USD
2026-08-03T02:08:48.886969+00:00,h_volbrk_24_96,2958.92,5.24,LTC-USD DOGE-USD
2026-08-03T02:08:48.886969+00:00,h_rsi14_reg168,3000.00,3000.00,cash
2026-08-03T02:08:48.886969+00:00,h_boll_48,3000.00,3000.00,cash
2026-08-03T02:08:48.886969+00:00,h_calm_24_168,2996.41,0.00,SOL-USD LINK-USD
2026-08-03T02:08:48.886969+00:00,h_nearhi_168,2949.04,137.25,ADA-USD DOGE-USD
2026-08-03T03:09:06.113332+00:00,h_trend_168,2945.39,1616.93,ADA-USD
2026-08-03T03:09:06.113332+00:00,h_cross_24_168,2941.89,145.11,ADA-USD XRP-USD
2026-08-03T03:09:06.113332+00:00,h_tsmom_72,2915.31,1586.84,ADA-USD
2026-08-03T03:09:06.113332+00:00,h_macd_12_26,2944.14,1484.85,ETH-USD
2026-08-03T03:09:06.113332+00:00,h_donch_48_24,2941.13,143.33,ADA-USD DOGE-USD
2026-08-03T03:09:06.113332+00:00,h_volbrk_24_96,2956.55,5.24,LTC-USD DOGE-USD
2026-08-03T03:09:06.113332+00:00,h_rsi14_reg168,3000.00,3000.00,cash
2026-08-03T03:09:06.113332+00:00,h_boll_48,3000.00,3000.00,cash
2026-08-03T03:09:06.113332+00:00,h_calm_24_168,2993.41,0.00,SOL-USD LINK-USD
2026-08-03T03:09:06.113332+00:00,h_nearhi_168,2954.07,137.25,ADA-USD DOGE-USD
2026-08-03T04:09:29.362602+00:00,h_trend_168,2940.40,1616.93,ADA-USD
2026-08-03T04:09:29.362602+00:00,h_cross_24_168,2934.98,145.11,ADA-USD XRP-USD
2026-08-03T04:09:29.362602+00:00,h_tsmom_72,2910.31,1586.84,ADA-USD
2026-08-03T04:09:29.362602+00:00,h_macd_12_26,2938.01,2938.01,cash
2026-08-03T04:09:29.362602+00:00,h_donch_48_24,2932.88,143.33,ADA-USD DOGE-USD
2026-08-03T04:09:29.362602+00:00,h_volbrk_24_96,2945.74,1475.10,DOGE-USD
2026-08-03T04:09:29.362602+00:00,h_rsi14_reg168,3000.00,3000.00,cash
2026-08-03T04:09:29.362602+00:00,h_boll_48,3000.00,3000.00,cash
2026-08-03T04:09:29.362602+00:00,h_calm_24_168,2986.20,0.00,SOL-USD LINK-USD
2026-08-03T04:09:29.362602+00:00,h_nearhi_168,2945.78,137.25,ADA-USD DOGE-USD
2026-08-03T05:09:54.547846+00:00,h_trend_168,2933.26,1616.93,ADA-USD
2026-08-03T05:09:54.547846+00:00,h_cross_24_168,2928.12,145.11,ADA-USD XRP-USD
2026-08-03T05:09:54.547846+00:00,h_tsmom_72,2903.18,1586.84,ADA-USD
2026-08-03T05:09:54.547846+00:00,h_macd_12_26,2938.01,2938.01,cash
2026-08-03T05:09:54.547846+00:00,h_donch_48_24,2918.21,1601.87,ADA-USD
2026-08-03T05:09:54.547846+00:00,h_volbrk_24_96,2938.18,2938.18,cash
2026-08-03T05:09:54.547846+00:00,h_rsi14_reg168,3000.00,3000.00,cash
2026-08-03T05:09:54.547846+00:00,h_boll_48,3000.00,3000.00,cash
2026-08-03T05:09:54.547846+00:00,h_calm_24_168,2984.66,0.00,SOL-USD LINK-USD
2026-08-03T05:09:54.547846+00:00,h_nearhi_168,2938.86,137.25,ADA-USD DOGE-USD
2026-08-03T06:10:20.785912+00:00,h_trend_168,2931.12,1616.93,ADA-USD
2026-08-03T06:10:20.785912+00:00,h_cross_24_168,2926.39,145.11,ADA-USD XRP-USD
2026-08-03T06:10:20.785912+00:00,h_tsmom_72,2901.03,1586.84,ADA-USD
2026-08-03T06:10:20.785912+00:00,h_macd_12_26,2938.01,2938.01,cash
2026-08-03T06:10:20.785912+00:00,h_donch_48_24,2916.07,1601.87,ADA-USD
2026-08-03T06:10:20.785912+00:00,h_volbrk_24_96,2938.18,2938.18,cash
2026-08-03T06:10:20.785912+00:00,h_rsi14_reg168,3000.00,3000.00,cash
2026-08-03T06:10:20.785912+00:00,h_boll_48,3000.00,3000.00,cash
2026-08-03T06:10:20.785912+00:00,h_calm_24_168,2984.68,0.00,SOL-USD LINK-USD
2026-08-03T06:10:20.785912+00:00,h_nearhi_168,2933.84,137.25,ADA-USD DOGE-USD
2026-08-03T07:10:46.628813+00:00,h_trend_168,2929.69,1616.93,ADA-USD
2026-08-03T07:10:46.628813+00:00,h_cross_24_168,2920.58,145.11,ADA-USD XRP-USD
2026-08-03T07:10:46.628813+00:00,h_tsmom_72,2899.61,1586.84,ADA-USD
2026-08-03T07:10:46.628813+00:00,h_macd_12_26,2938.01,2938.01,cash
2026-08-03T07:10:46.628813+00:00,h_donch_48_24,2914.64,1601.87,ADA-USD
2026-08-03T07:10:46.628813+00:00,h_volbrk_24_96,2938.18,2938.18,cash
2026-08-03T07:10:46.628813+00:00,h_rsi14_reg168,3000.00,3000.00,cash
2026-08-03T07:10:46.628813+00:00,h_boll_48,3000.00,3000.00,cash
2026-08-03T07:10:46.628813+00:00,h_calm_24_168,2974.42,0.00,SOL-USD LINK-USD
2026-08-03T07:10:46.628813+00:00,h_nearhi_168,2920.92,137.25,ADA-USD DOGE-USD
2026-08-03T08:11:12.720548+00:00,h_trend_168,2919.70,1616.93,ADA-USD
2026-08-03T08:11:12.720548+00:00,h_cross_24_168,2908.12,145.11,ADA-USD XRP-USD
2026-08-03T08:11:12.720548+00:00,h_tsmom_72,2889.62,1586.84,ADA-USD
2026-08-03T08:11:12.720548+00:00,h_macd_12_26,2938.01,2938.01,cash
2026-08-03T08:11:12.720548+00:00,h_donch_48_24,2907.73,2907.73,cash
2026-08-03T08:11:12.720548+00:00,h_volbrk_24_96,2938.18,2938.18,cash
2026-08-03T08:11:12.720548+00:00,h_rsi14_reg168,3000.00,3000.00,cash
2026-08-03T08:11:12.720548+00:00,h_boll_48,3000.00,3000.00,cash
2026-08-03T08:11:12.720548+00:00,h_calm_24_168,2966.60,0.00,SOL-USD LINK-USD
2026-08-03T08:11:12.720548+00:00,h_nearhi_168,2911.36,137.25,ADA-USD DOGE-USD
2026-08-03T09:11:38.701803+00:00,h_trend_168,2927.55,1616.93,ADA-USD
2026-08-03T09:11:38.701803+00:00,h_cross_24_168,2916.18,145.11,ADA-USD XRP-USD
2026-08-03T09:11:38.701803+00:00,h_tsmom_72,2897.47,1586.84,ADA-USD
2026-08-03T09:11:38.701803+00:00,h_macd_12_26,2938.01,2938.01,cash
2026-08-03T09:11:38.701803+00:00,h_donch_48_24,2907.73,2907.73,cash
2026-08-03T09:11:38.701803+00:00,h_volbrk_24_96,2938.18,2938.18,cash
2026-08-03T09:11:38.701803+00:00,h_rsi14_reg168,3000.00,3000.00,cash
2026-08-03T09:11:38.701803+00:00,h_boll_48,3000.00,3000.00,cash
2026-08-03T09:11:38.701803+00:00,h_calm_24_168,2965.57,0.00,SOL-USD LINK-USD
2026-08-03T09:11:38.701803+00:00,h_nearhi_168,2904.62,145.45,ADA-USD XRP-USD
2026-08-03T10:12:04.723566+00:00,h_trend_168,2946.82,1616.93,ADA-USD
2026-08-03T10:12:04.723566+00:00,h_cross_24_168,2939.62,145.11,ADA-USD XRP-USD
2026-08-03T10:12:04.723566+00:00,h_tsmom_72,2916.73,1586.84,ADA-USD
2026-08-03T10:12:04.723566+00:00,h_macd_12_26,2938.01,2938.01,cash
2026-08-03T10:12:04.723566+00:00,h_donch_48_24,2907.73,2907.73,cash
2026-08-03T10:12:04.723566+00:00,h_volbrk_24_96,2938.18,2938.18,cash
2026-08-03T10:12:04.723566+00:00,h_rsi14_reg168,3000.00,3000.00,cash
2026-08-03T10:12:04.723566+00:00,h_boll_48,3000.00,3000.00,cash
2026-08-03T10:12:04.723566+00:00,h_calm_24_168,2975.72,0.00,SOL-USD LINK-USD
2026-08-03T10:12:04.723566+00:00,h_nearhi_168,2928.03,145.45,ADA-USD XRP-USD
2026-08-03T11:12:31.707845+00:00,h_trend_168,2945.39,1616.93,ADA-USD
2026-08-03T11:12:31.707845+00:00,h_cross_24_168,2935.73,145.11,ADA-USD XRP-USD
2026-08-03T11:12:31.707845+00:00,h_tsmom_72,2900.31,128.47,ADA-USD DOGE-USD
2026-08-03T11:12:31.707845+00:00,h_macd_12_26,2938.01,2938.01,cash
2026-08-03T11:12:31.707845+00:00,h_donch_48_24,2907.73,2907.73,cash
2026-08-03T11:12:31.707845+00:00,h_volbrk_24_96,2938.18,2938.18,cash
2026-08-03T11:12:31.707845+00:00,h_rsi14_reg168,3000.00,3000.00,cash
2026-08-03T11:12:31.707845+00:00,h_boll_48,3000.00,3000.00,cash
2026-08-03T11:12:31.707845+00:00,h_calm_24_168,2960.61,0.00,SOL-USD LINK-USD
2026-08-03T11:12:31.707845+00:00,h_nearhi_168,2924.16,145.45,ADA-USD XRP-USD
2026-08-03T12:12:57.816091+00:00,h_trend_168,2952.17,1616.93,ADA-USD
2026-08-03T12:12:57.816091+00:00,h_cross_24_168,2937.44,145.11,ADA-USD XRP-USD
2026-08-03T12:12:57.816091+00:00,h_tsmom_72,2899.67,1564.43,ADA-USD
2026-08-03T12:12:57.816091+00:00,h_macd_12_26,2938.01,2938.01,cash
2026-08-03T12:12:57.816091+00:00,h_donch_48_24,2907.73,2907.73,cash
2026-08-03T12:12:57.816091+00:00,h_volbrk_24_96,2938.18,2938.18,cash
2026-08-03T12:12:57.816091+00:00,h_rsi14_reg168,3000.00,3000.00,cash
2026-08-03T12:12:57.816091+00:00,h_boll_48,3000.00,3000.00,cash
2026-08-03T12:12:57.816091+00:00,h_calm_24_168,2960.03,0.00,SOL-USD LINK-USD
2026-08-03T12:12:57.816091+00:00,h_nearhi_168,2925.91,145.45,ADA-USD XRP-USD
2026-08-03T13:13:20.861523+00:00,h_trend_168,2973.23,1616.93,ADA-USD
2026-08-03T13:13:20.861523+00:00,h_cross_24_168,2960.00,145.11,ADA-USD XRP-USD
2026-08-03T13:13:20.861523+00:00,h_tsmom_72,2920.72,1564.43,ADA-USD
2026-08-03T13:13:20.861523+00:00,h_macd_12_26,2938.01,2938.01,cash
2026-08-03T13:13:20.861523+00:00,h_donch_48_24,2907.73,2907.73,cash
2026-08-03T13:13:20.861523+00:00,h_volbrk_24_96,2938.18,2938.18,cash
2026-08-03T13:13:20.861523+00:00,h_rsi14_reg168,3000.00,3000.00,cash
2026-08-03T13:13:20.861523+00:00,h_boll_48,3000.00,3000.00,cash
2026-08-03T13:13:20.861523+00:00,h_calm_24_168,2961.26,0.00,SOL-USD LINK-USD
2026-08-03T13:13:20.861523+00:00,h_nearhi_168,2948.46,145.45,ADA-USD XRP-USD
2026-08-03T14:13:42.824917+00:00,h_trend_168,3003.20,1616.93,ADA-USD
2026-08-03T14:13:42.824917+00:00,h_cross_24_168,3002.44,145.11,ADA-USD XRP-USD
2026-08-03T14:13:42.824917+00:00,h_tsmom_72,2950.70,1564.43,ADA-USD
2026-08-03T14:13:42.824917+00:00,h_macd_12_26,2938.01,2938.01,cash
2026-08-03T14:13:42.824917+00:00,h_donch_48_24,2907.73,2907.73,cash
2026-08-03T14:13:42.824917+00:00,h_volbrk_24_96,2938.18,2938.18,cash
2026-08-03T14:13:42.824917+00:00,h_rsi14_reg168,3000.00,3000.00,cash
2026-08-03T14:13:42.824917+00:00,h_boll_48,3000.00,3000.00,cash
2026-08-03T14:13:42.824917+00:00,h_calm_24_168,2993.12,0.00,SOL-USD LINK-USD
2026-08-03T14:13:42.824917+00:00,h_nearhi_168,2990.79,145.45,ADA-USD XRP-USD
2026-08-03T15:14:39.645845+00:00,h_trend_168,2983.46,115.33,ADA-USD XRP-USD
2026-08-03T15:14:39.645845+00:00,h_cross_24_168,2990.16,145.11,ADA-USD XRP-USD
2026-08-03T15:14:39.645845+00:00,h_tsmom_72,2922.64,89.08,ADA-USD LINK-USD
2026-08-03T15:14:39.645845+00:00,h_macd_12_26,2920.56,263.73,ADA-USD BTC-USD
2026-08-03T15:14:39.645845+00:00,h_donch_48_24,2884.97,1714.87,ADA-USD
2026-08-03T15:14:39.645845+00:00,h_volbrk_24_96,2938.18,2938.18,cash
2026-08-03T15:14:39.645845+00:00,h_rsi14_reg168,3000.00,3000.00,cash
2026-08-03T15:14:39.645845+00:00,h_boll_48,3000.00,3000.00,cash
2026-08-03T15:14:39.645845+00:00,h_calm_24_168,3000.04,0.00,SOL-USD LINK-USD
2026-08-03T15:14:39.645845+00:00,h_nearhi_168,2978.45,145.45,ADA-USD XRP-USD
2026-08-03T16:15:38.264261+00:00,h_trend_168,3005.39,115.33,ADA-USD XRP-USD
2026-08-03T16:15:38.264261+00:00,h_cross_24_168,3012.03,145.11,ADA-USD XRP-USD
2026-08-03T16:15:38.264261+00:00,h_tsmom_72,2938.08,89.08,ADA-USD LINK-USD
2026-08-03T16:15:38.264261+00:00,h_macd_12_26,2935.70,263.73,ADA-USD BTC-USD
2026-08-03T16:15:38.264261+00:00,h_donch_48_24,2893.85,272.39,ADA-USD BTC-USD
2026-08-03T16:15:38.264261+00:00,h_volbrk_24_96,2938.18,2938.18,cash
2026-08-03T16:15:38.264261+00:00,h_rsi14_reg168,3000.00,3000.00,cash
2026-08-03T16:15:38.264261+00:00,h_boll_48,3000.00,3000.00,cash
2026-08-03T16:15:38.264261+00:00,h_calm_24_168,2998.58,0.00,SOL-USD LINK-USD
2026-08-03T16:15:38.264261+00:00,h_nearhi_168,3000.29,145.45,ADA-USD XRP-USD
2026-08-03T17:16:39.999543+00:00,h_trend_168,2991.63,115.33,ADA-USD XRP-USD
2026-08-03T17:16:39.999543+00:00,h_cross_24_168,2998.28,145.11,ADA-USD XRP-USD
2026-08-03T17:16:39.999543+00:00,h_tsmom_72,2924.35,89.08,ADA-USD LINK-USD
2026-08-03T17:16:39.999543+00:00,h_macd_12_26,2925.11,263.73,ADA-USD BTC-USD
2026-08-03T17:16:39.999543+00:00,h_donch_48_24,2883.35,272.39,ADA-USD BTC-USD
2026-08-03T17:16:39.999543+00:00,h_volbrk_24_96,2938.18,2938.18,cash
2026-08-03T17:16:39.999543+00:00,h_rsi14_reg168,3000.00,3000.00,cash
2026-08-03T17:16:39.999543+00:00,h_boll_48,3000.00,3000.00,cash
2026-08-03T17:16:39.999543+00:00,h_calm_24_168,2998.44,0.00,SOL-USD LINK-USD
2026-08-03T17:16:39.999543+00:00,h_nearhi_168,2986.54,145.45,ADA-USD XRP-USD
2026-08-03T18:17:37.779123+00:00,h_trend_168,2998.30,115.33,ADA-USD XRP-USD
2026-08-03T18:17:37.779123+00:00,h_cross_24_168,3004.91,145.11,ADA-USD XRP-USD
2026-08-03T18:17:37.779123+00:00,h_tsmom_72,2930.23,89.08,ADA-USD LINK-USD
2026-08-03T18:17:37.779123+00:00,h_macd_12_26,2932.26,263.73,ADA-USD BTC-USD
2026-08-03T18:17:37.779123+00:00,h_donch_48_24,2890.38,272.39,ADA-USD BTC-USD
2026-08-03T18:17:37.779123+00:00,h_volbrk_24_96,2938.18,2938.18,cash
2026-08-03T18:17:37.779123+00:00,h_rsi14_reg168,3000.00,3000.00,cash
2026-08-03T18:17:37.779123+00:00,h_boll_48,3000.00,3000.00,cash
2026-08-03T18:17:37.779123+00:00,h_calm_24_168,3011.83,0.00,SOL-USD LINK-USD
2026-08-03T18:17:37.779123+00:00,h_nearhi_168,2993.17,145.45,ADA-USD XRP-USD
2026-08-03T19:18:37.236726+00:00,h_trend_168,3008.48,115.33,ADA-USD XRP-USD
2026-08-03T19:18:37.236726+00:00,h_cross_24_168,3015.13,145.11,ADA-USD XRP-USD
2026-08-03T19:18:37.236726+00:00,h_tsmom_72,2940.23,89.08,ADA-USD LINK-USD
2026-08-03T19:18:37.236726+00:00,h_macd_12_26,2942.49,263.73,ADA-USD BTC-USD
2026-08-03T19:18:37.236726+00:00,h_donch_48_24,2900.51,272.39,ADA-USD BTC-USD
2026-08-03T19:18:37.236726+00:00,h_volbrk_24_96,2938.18,2938.18,cash
2026-08-03T19:18:37.236726+00:00,h_rsi14_reg168,3000.00,3000.00,cash
2026-08-03T19:18:37.236726+00:00,h_boll_48,3000.00,3000.00,cash
2026-08-03T19:18:37.236726+00:00,h_calm_24_168,3007.41,0.00,SOL-USD LINK-USD
2026-08-03T19:18:37.236726+00:00,h_nearhi_168,3003.40,145.45,ADA-USD XRP-USD
2026-08-03T20:19:36.963943+00:00,h_trend_168,3007.12,115.33,ADA-USD XRP-USD
2026-08-03T20:19:36.963943+00:00,h_cross_24_168,3013.79,145.11,ADA-USD XRP-USD
2026-08-03T20:19:36.963943+00:00,h_tsmom_72,2941.72,89.08,ADA-USD LINK-USD
2026-08-03T20:19:36.963943+00:00,h_macd_12_26,2942.48,263.73,ADA-USD BTC-USD
2026-08-03T20:19:36.963943+00:00,h_donch_48_24,2900.50,272.39,ADA-USD BTC-USD
2026-08-03T20:19:36.963943+00:00,h_volbrk_24_96,2938.18,2938.18,cash
2026-08-03T20:19:36.963943+00:00,h_rsi14_reg168,3000.00,3000.00,cash
2026-08-03T20:19:36.963943+00:00,h_boll_48,3000.00,3000.00,cash
2026-08-03T20:19:36.963943+00:00,h_calm_24_168,3008.84,0.00,SOL-USD LINK-USD
2026-08-03T20:19:36.963943+00:00,h_nearhi_168,3002.07,145.45,ADA-USD XRP-USD
2026-08-03T21:19:59.484261+00:00,h_trend_168,3001.38,115.33,ADA-USD XRP-USD
2026-08-03T21:19:59.484261+00:00,h_cross_24_168,3008.06,145.11,ADA-USD XRP-USD
2026-08-03T21:19:59.484261+00:00,h_tsmom_72,2930.38,89.08,ADA-USD LINK-USD
2026-08-03T21:19:59.484261+00:00,h_macd_12_26,2932.97,263.73,ADA-USD BTC-USD
2026-08-03T21:19:59.484261+00:00,h_donch_48_24,2891.18,272.39,ADA-USD BTC-USD
2026-08-03T21:19:59.484261+00:00,h_volbrk_24_96,2938.18,2938.18,cash
2026-08-03T21:19:59.484261+00:00,h_rsi14_reg168,3000.00,3000.00,cash
2026-08-03T21:19:59.484261+00:00,h_boll_48,3000.00,3000.00,cash
2026-08-03T21:19:59.484261+00:00,h_calm_24_168,2994.81,0.00,SOL-USD LINK-USD
2026-08-03T21:19:59.484261+00:00,h_nearhi_168,2996.35,145.45,ADA-USD XRP-USD
2026-08-03T22:20:21.771866+00:00,h_trend_168,2996.15,115.33,ADA-USD XRP-USD
2026-08-03T22:20:21.771866+00:00,h_cross_24_168,3002.91,145.11,ADA-USD XRP-USD
2026-08-03T22:20:21.771866+00:00,h_tsmom_72,2928.62,89.08,ADA-USD LINK-USD
2026-08-03T22:20:21.771866+00:00,h_macd_12_26,2930.11,263.73,ADA-USD BTC-USD
2026-08-03T22:20:21.771866+00:00,h_donch_48_24,2888.38,272.39,ADA-USD BTC-USD
2026-08-03T22:20:21.771866+00:00,h_volbrk_24_96,2938.18,2938.18,cash
2026-08-03T22:20:21.771866+00:00,h_rsi14_reg168,3000.00,3000.00,cash
2026-08-03T22:20:21.771866+00:00,h_boll_48,3000.00,3000.00,cash
2026-08-03T22:20:21.771866+00:00,h_calm_24_168,2991.00,0.00,SOL-USD LINK-USD
2026-08-03T22:20:21.771866+00:00,h_nearhi_168,2991.24,145.45,ADA-USD XRP-USD
2026-08-03T23:20:44.037757+00:00,h_trend_168,2990.72,115.33,ADA-USD XRP-USD
2026-08-03T23:20:44.037757+00:00,h_cross_24_168,2997.54,145.11,ADA-USD XRP-USD
2026-08-03T23:20:44.037757+00:00,h_tsmom_72,2920.53,89.08,ADA-USD LINK-USD
2026-08-03T23:20:44.037757+00:00,h_macd_12_26,2927.17,263.73,ADA-USD BTC-USD
2026-08-03T23:20:44.037757+00:00,h_donch_48_24,2885.50,272.39,ADA-USD BTC-USD
2026-08-03T23:20:44.037757+00:00,h_volbrk_24_96,2938.18,2938.18,cash
2026-08-03T23:20:44.037757+00:00,h_rsi14_reg168,3000.00,3000.00,cash
2026-08-03T23:20:44.037757+00:00,h_boll_48,3000.00,3000.00,cash
2026-08-03T23:20:44.037757+00:00,h_calm_24_168,2980.30,0.00,SOL-USD LINK-USD
2026-08-03T23:20:44.037757+00:00,h_nearhi_168,2985.89,145.45,ADA-USD XRP-USD
2026-08-04T00:40:07.561570+00:00,h_trend_168,2975.17,115.33,ADA-USD XRP-USD
2026-08-04T00:40:07.561570+00:00,h_cross_24_168,2982.05,145.11,ADA-USD XRP-USD
2026-08-04T00:40:07.561570+00:00,h_tsmom_72,2901.09,89.08,ADA-USD LINK-USD
2026-08-04T00:40:07.561570+00:00,h_macd_12_26,2913.85,263.73,ADA-USD BTC-USD
2026-08-04T00:40:07.561570+00:00,h_donch_48_24,2872.38,272.39,ADA-USD BTC-USD
2026-08-04T00:40:07.561570+00:00,h_volbrk_24_96,2938.18,2938.18,cash
2026-08-04T00:40:07.561570+00:00,h_rsi14_reg168,3000.00,3000.00,cash
2026-08-04T00:40:07.561570+00:00,h_boll_48,3000.00,3000.00,cash
2026-08-04T00:40:07.561570+00:00,h_calm_24_168,2966.77,0.00,SOL-USD LINK-USD
2026-08-04T00:40:07.561570+00:00,h_nearhi_168,2970.45,145.45,ADA-USD XRP-USD
2026-08-04T01:40:33.659793+00:00,h_trend_168,2982.34,115.33,ADA-USD XRP-USD
2026-08-04T01:40:33.659793+00:00,h_cross_24_168,2989.12,145.11,ADA-USD XRP-USD
2026-08-04T01:40:33.659793+00:00,h_tsmom_72,2913.45,89.08,ADA-USD LINK-USD
2026-08-04T01:40:33.659793+00:00,h_macd_12_26,2923.47,263.73,ADA-USD BTC-USD
2026-08-04T01:40:33.659793+00:00,h_donch_48_24,2881.75,272.39,ADA-USD BTC-USD
2026-08-04T01:40:33.659793+00:00,h_volbrk_24_96,2938.18,2938.18,cash
2026-08-04T01:40:33.659793+00:00,h_rsi14_reg168,3000.00,3000.00,cash
2026-08-04T01:40:33.659793+00:00,h_boll_48,3000.00,3000.00,cash
2026-08-04T01:40:33.659793+00:00,h_calm_24_168,2986.76,0.00,SOL-USD LINK-USD
2026-08-04T01:40:33.659793+00:00,h_nearhi_168,2977.46,145.45,ADA-USD XRP-USD
2026-08-04T02:40:59.623030+00:00,h_trend_168,2978.40,1603.76,ADA-USD
2026-08-04T02:40:59.623030+00:00,h_cross_24_168,2996.29,145.11,ADA-USD XRP-USD
2026-08-04T02:40:59.623030+00:00,h_tsmom_72,2910.02,78.34,ADA-USD SOL-USD
2026-08-04T02:40:59.623030+00:00,h_macd_12_26,2928.79,263.73,ADA-USD BTC-USD
2026-08-04T02:40:59.623030+00:00,h_donch_48_24,2886.98,272.39,ADA-USD BTC-USD
2026-08-04T02:40:59.623030+00:00,h_volbrk_24_96,2938.18,2938.18,cash
2026-08-04T02:40:59.623030+00:00,h_rsi14_reg168,3000.00,3000.00,cash
2026-08-04T02:40:59.623030+00:00,h_boll_48,3000.00,3000.00,cash
2026-08-04T02:40:59.623030+00:00,h_calm_24_168,2997.10,0.00,SOL-USD LINK-USD
2026-08-04T02:40:59.623030+00:00,h_nearhi_168,2984.60,145.45,ADA-USD XRP-USD
2026-08-04T03:41:23.520214+00:00,h_trend_168,2992.80,114.56,ADA-USD SOL-USD
2026-08-04T03:41:23.520214+00:00,h_cross_24_168,3020.37,145.11,ADA-USD XRP-USD
2026-08-04T03:41:23.520214+00:00,h_tsmom_72,2932.03,78.34,ADA-USD SOL-USD
2026-08-04T03:41:23.520214+00:00,h_macd_12_26,2909.68,0.00,BTC-USD SOL-USD
2026-08-04T03:41:23.520214+00:00,h_donch_48_24,2908.49,272.39,ADA-USD BTC-USD
2026-08-04T03:41:23.520214+00:00,h_volbrk_24_96,2938.18,2938.18,cash
2026-08-04T03:41:23.520214+00:00,h_rsi14_reg168,3000.00,3000.00,cash
2026-08-04T03:41:23.520214+00:00,h_boll_48,3000.00,3000.00,cash
2026-08-04T03:41:23.520214+00:00,h_calm_24_168,2979.21,6.26,LINK-USD ETH-USD
2026-08-04T03:41:23.520214+00:00,h_nearhi_168,3008.70,145.45,ADA-USD XRP-USD
2026-08-04T04:41:48.925980+00:00,h_trend_168,2993.15,114.56,ADA-USD SOL-USD
2026-08-04T04:41:48.925980+00:00,h_cross_24_168,3020.73,145.11,ADA-USD XRP-USD
2026-08-04T04:41:48.925980+00:00,h_tsmom_72,2932.33,78.34,ADA-USD SOL-USD
2026-08-04T04:41:48.925980+00:00,h_macd_12_26,2917.60,0.00,BTC-USD SOL-USD
2026-08-04T04:41:48.925980+00:00,h_donch_48_24,2910.73,272.39,ADA-USD BTC-USD
2026-08-04T04:41:48.925980+00:00,h_volbrk_24_96,2938.18,2938.18,cash
2026-08-04T04:41:48.925980+00:00,h_rsi14_reg168,3000.00,3000.00,cash
2026-08-04T04:41:48.925980+00:00,h_boll_48,3000.00,3000.00,cash
2026-08-04T04:41:48.925980+00:00,h_calm_24_168,2989.82,6.26,LINK-USD ETH-USD
2026-08-04T04:41:48.925980+00:00,h_nearhi_168,3009.04,145.45,ADA-USD XRP-USD
2026-08-04T05:42:14.673689+00:00,h_trend_168,2986.20,114.56,ADA-USD SOL-USD
2026-08-04T05:42:14.673689+00:00,h_cross_24_168,3012.30,145.11,ADA-USD XRP-USD
2026-08-04T05:42:14.673689+00:00,h_tsmom_72,2925.40,78.34,ADA-USD SOL-USD
2026-08-04T05:42:14.673689+00:00,h_macd_12_26,2911.67,0.00,BTC-USD SOL-USD
2026-08-04T05:42:14.673689+00:00,h_donch_48_24,2901.89,272.39,ADA-USD BTC-USD
2026-08-04T05:42:14.673689+00:00,h_volbrk_24_96,2938.18,2938.18,cash
2026-08-04T05:42:14.673689+00:00,h_rsi14_reg168,3000.00,3000.00,cash
2026-08-04T05:42:14.673689+00:00,h_boll_48,3000.00,3000.00,cash
2026-08-04T05:42:14.673689+00:00,h_calm_24_168,2979.24,6.26,LINK-USD ETH-USD
2026-08-04T05:42:14.673689+00:00,h_nearhi_168,3000.63,145.45,ADA-USD XRP-USD
2026-08-04T06:42:41.172744+00:00,h_trend_168,2981.95,114.56,ADA-USD SOL-USD
2026-08-04T06:42:41.172744+00:00,h_cross_24_168,3009.00,145.11,ADA-USD XRP-USD
2026-08-04T06:42:41.172744+00:00,h_tsmom_72,2921.27,78.34,ADA-USD SOL-USD
2026-08-04T06:42:41.172744+00:00,h_macd_12_26,2902.43,0.00,BTC-USD SOL-USD
2026-08-04T06:42:41.172744+00:00,h_donch_48_24,2900.83,272.39,ADA-USD BTC-USD
2026-08-04T06:42:41.172744+00:00,h_volbrk_24_96,2938.18,2938.18,cash
2026-08-04T06:42:41.172744+00:00,h_rsi14_reg168,3000.00,3000.00,cash
2026-08-04T06:42:41.172744+00:00,h_boll_48,3000.00,3000.00,cash
2026-08-04T06:42:41.172744+00:00,h_calm_24_168,2962.93,6.26,LINK-USD ETH-USD
2026-08-04T06:42:41.172744+00:00,h_nearhi_168,2997.37,145.45,ADA-USD XRP-USD
2026-08-04T07:43:07.636922+00:00,h_trend_168,2984.37,114.56,ADA-USD SOL-USD
2026-08-04T07:43:07.636922+00:00,h_cross_24_168,3013.50,145.11,ADA-USD XRP-USD
2026-08-04T07:43:07.636922+00:00,h_tsmom_72,2923.66,78.34,ADA-USD SOL-USD
2026-08-04T07:43:07.636922+00:00,h_macd_12_26,2902.52,0.00,BTC-USD SOL-USD
2026-08-04T07:43:07.636922+00:00,h_donch_48_24,2900.81,272.39,ADA-USD BTC-USD
2026-08-04T07:43:07.636922+00:00,h_volbrk_24_96,2938.18,2938.18,cash
2026-08-04T07:43:07.636922+00:00,h_rsi14_reg168,3000.00,3000.00,cash
2026-08-04T07:43:07.636922+00:00,h_boll_48,3000.00,3000.00,cash
2026-08-04T07:43:07.636922+00:00,h_calm_24_168,2968.12,6.26,LINK-USD ETH-USD
2026-08-04T07:43:07.636922+00:00,h_nearhi_168,3001.84,145.45,ADA-USD XRP-USD
2026-08-04T08:43:34.720337+00:00,h_trend_168,2968.08,114.56,ADA-USD SOL-USD
2026-08-04T08:43:34.720337+00:00,h_cross_24_168,2999.66,145.11,ADA-USD XRP-USD
2026-08-04T08:43:34.720337+00:00,h_tsmom_72,2907.43,78.34,ADA-USD SOL-USD
2026-08-04T08:43:34.720337+00:00,h_macd_12_26,2885.18,0.00,BTC-USD LTC-USD
2026-08-04T08:43:34.720337+00:00,h_donch_48_24,2887.35,272.39,ADA-USD BTC-USD
2026-08-04T08:43:34.720337+00:00,h_volbrk_24_96,2938.18,2938.18,cash
2026-08-04T08:43:34.720337+00:00,h_rsi14_reg168,3000.00,3000.00,cash
2026-08-04T08:43:34.720337+00:00,h_boll_48,3000.00,3000.00,cash
2026-08-04T08:43:34.720337+00:00,h_calm_24_168,2963.55,6.26,LINK-USD ETH-USD
2026-08-04T08:43:34.720337+00:00,h_nearhi_168,2988.01,145.45,ADA-USD XRP-USD
2026-08-04T09:44:01.630037+00:00,h_trend_168,2978.71,114.56,ADA-USD SOL-USD
2026-08-04T09:44:01.630037+00:00,h_cross_24_168,3011.06,145.11,ADA-USD XRP-USD
2026-08-04T09:44:01.630037+00:00,h_tsmom_72,2918.09,78.34,ADA-USD SOL-USD
2026-08-04T09:44:01.630037+00:00,h_macd_12_26,2874.29,20.02,LTC-USD ETH-USD
2026-08-04T09:44:01.630037+00:00,h_donch_48_24,2898.42,272.39,ADA-USD BTC-USD
2026-08-04T09:44:01.630037+00:00,h_volbrk_24_96,2938.18,2938.18,cash
2026-08-04T09:44:01.630037+00:00,h_rsi14_reg168,3000.00,3000.00,cash
2026-08-04T09:44:01.630037+00:00,h_boll_48,3000.00,3000.00,cash
2026-08-04T09:44:01.630037+00:00,h_calm_24_168,2962.88,6.26,LINK-USD ETH-USD
2026-08-04T09:44:01.630037+00:00,h_nearhi_168,2999.42,145.45,ADA-USD XRP-USD
2026-08-04T10:44:28.255012+00:00,h_trend_168,2961.20,85.80,ADA-USD XRP-USD
2026-08-04T10:44:28.255012+00:00,h_cross_24_168,3008.50,145.11,ADA-USD XRP-USD
2026-08-04T10:44:28.255012+00:00,h_tsmom_72,2917.36,78.34,ADA-USD SOL-USD
2026-08-04T10:44:28.255012+00:00,h_macd_12_26,2868.10,1448.97,LTC-USD
2026-08-04T10:44:28.255012+00:00,h_donch_48_24,2898.53,272.39,ADA-USD BTC-USD
2026-08-04T10:44:28.255012+00:00,h_volbrk_24_96,2938.18,2938.18,cash
2026-08-04T10:44:28.255012+00:00,h_rsi14_reg168,3000.00,3000.00,cash
2026-08-04T10:44:28.255012+00:00,h_boll_48,3000.00,3000.00,cash
2026-08-04T10:44:28.255012+00:00,h_calm_24_168,2970.47,6.26,LINK-USD ETH-USD
2026-08-04T10:44:28.255012+00:00,h_nearhi_168,2996.88,145.45,ADA-USD XRP-USD
2026-08-04T11:44:55.323528+00:00,h_trend_168,2944.43,78.33,ADA-USD DOGE-USD
2026-08-04T11:44:55.323528+00:00,h_cross_24_168,3007.59,145.11,ADA-USD XRP-USD
2026-08-04T11:44:55.323528+00:00,h_tsmom_72,2922.48,78.34,ADA-USD SOL-USD
2026-08-04T11:44:55.323528+00:00,h_macd_12_26,2867.94,1448.97,LTC-USD
2026-08-04T11:44:55.323528+00:00,h_donch_48_24,2899.47,272.39,ADA-USD BTC-USD
2026-08-04T11:44:55.323528+00:00,h_volbrk_24_96,2938.18,2938.18,cash
2026-08-04T11:44:55.323528+00:00,h_rsi14_reg168,3000.00,3000.00,cash
2026-08-04T11:44:55.323528+00:00,h_boll_48,3000.00,3000.00,cash
2026-08-04T11:44:55.323528+00:00,h_calm_24_168,2985.70,6.26,LINK-USD ETH-USD
2026-08-04T11:44:55.323528+00:00,h_nearhi_168,2995.93,145.45,ADA-USD XRP-USD
2026-08-04T12:45:22.438981+00:00,h_trend_168,2943.89,78.33,ADA-USD DOGE-USD
2026-08-04T12:45:22.438981+00:00,h_cross_24_168,3008.49,145.11,ADA-USD XRP-USD
2026-08-04T12:45:22.438981+00:00,h_tsmom_72,2924.09,78.34,ADA-USD SOL-USD
2026-08-04T12:45:22.438981+00:00,h_macd_12_26,2871.30,1448.97,LTC-USD
2026-08-04T12:45:22.438981+00:00,h_donch_48_24,2900.71,272.39,ADA-USD BTC-USD
2026-08-04T12:45:22.438981+00:00,h_volbrk_24_96,2938.18,2938.18,cash
2026-08-04T12:45:22.438981+00:00,h_rsi14_reg168,3000.00,3000.00,cash
2026-08-04T12:45:22.438981+00:00,h_boll_48,3000.00,3000.00,cash
2026-08-04T12:45:22.438981+00:00,h_calm_24_168,2992.37,6.26,LINK-USD ETH-USD
2026-08-04T12:45:22.438981+00:00,h_nearhi_168,2996.82,145.45,ADA-USD XRP-USD
2026-08-04T13:45:49.984274+00:00,h_trend_168,2924.09,78.33,ADA-USD DOGE-USD
2026-08-04T13:45:49.984274+00:00,h_cross_24_168,2990.28,145.11,ADA-USD XRP-USD
2026-08-04T13:45:49.984274+00:00,h_tsmom_72,2905.71,78.34,ADA-USD SOL-USD
2026-08-04T13:45:49.984274+00:00,h_macd_12_26,2855.39,13.32,LTC-USD LINK-USD
2026-08-04T13:45:49.984274+00:00,h_donch_48_24,2885.73,272.39,ADA-USD BTC-USD
2026-08-04T13:45:49.984274+00:00,h_volbrk_24_96,2928.56,1469.09,DOGE-USD
2026-08-04T13:45:49.984274+00:00,h_rsi14_reg168,3000.00,3000.00,cash
2026-08-04T13:45:49.984274+00:00,h_boll_48,3000.00,3000.00,cash
2026-08-04T13:45:49.984274+00:00,h_calm_24_168,2983.20,6.26,LINK-USD ETH-USD
2026-08-04T13:45:49.984274+00:00,h_nearhi_168,2978.61,145.45,ADA-USD XRP-USD
2026-08-04T14:46:54.878438+00:00,h_trend_168,2925.42,78.33,ADA-USD DOGE-USD
2026-08-04T14:46:54.878438+00:00,h_cross_24_168,2993.19,145.11,ADA-USD XRP-USD
2026-08-04T14:46:54.878438+00:00,h_tsmom_72,2908.44,78.34,ADA-USD SOL-USD
2026-08-04T14:46:54.878438+00:00,h_macd_12_26,2872.82,13.32,LTC-USD LINK-USD
2026-08-04T14:46:54.878438+00:00,h_donch_48_24,2892.39,272.39,ADA-USD BTC-USD
2026-08-04T14:46:54.878438+00:00,h_volbrk_24_96,2926.59,1469.09,DOGE-USD
2026-08-04T14:46:54.878438+00:00,h_rsi14_reg168,3000.00,3000.00,cash
2026-08-04T14:46:54.878438+00:00,h_boll_48,3000.00,3000.00,cash
2026-08-04T14:46:54.878438+00:00,h_calm_24_168,2995.44,6.26,LINK-USD ETH-USD
2026-08-04T14:46:54.878438+00:00,h_nearhi_168,2981.52,145.45,ADA-USD XRP-USD
2026-08-04T15:47:54.640224+00:00,h_trend_168,2918.39,80.22,ADA-USD SOL-USD
2026-08-04T15:47:54.640224+00:00,h_cross_24_168,3001.72,145.11,ADA-USD XRP-USD
2026-08-04T15:47:54.640224+00:00,h_tsmom_72,2916.28,78.34,ADA-USD SOL-USD
2026-08-04T15:47:54.640224+00:00,h_macd_12_26,2852.73,0.00,LINK-USD ETH-USD
2026-08-04T15:47:54.640224+00:00,h_donch_48_24,2898.45,272.39,ADA-USD BTC-USD
2026-08-04T15:47:54.640224+00:00,h_volbrk_24_96,2928.77,1469.09,DOGE-USD
2026-08-04T15:47:54.640224+00:00,h_rsi14_reg168,3000.00,3000.00,cash
2026-08-04T15:47:54.640224+00:00,h_boll_48,3000.00,3000.00,cash
2026-08-04T15:47:54.640224+00:00,h_calm_24_168,2988.55,6.26,LINK-USD ETH-USD
2026-08-04T15:47:54.640224+00:00,h_nearhi_168,2990.03,145.45,ADA-USD XRP-USD
2026-08-04T16:48:55.382972+00:00,h_trend_168,2905.30,80.22,ADA-USD SOL-USD
2026-08-04T16:48:55.382972+00:00,h_cross_24_168,2988.60,145.11,ADA-USD XRP-USD
2026-08-04T16:48:55.382972+00:00,h_tsmom_72,2903.18,78.34,ADA-USD SOL-USD
2026-08-04T16:48:55.382972+00:00,h_macd_12_26,2843.32,0.00,LINK-USD ETH-USD
2026-08-04T16:48:55.382972+00:00,h_donch_48_24,2887.10,272.39,ADA-USD BTC-USD
2026-08-04T16:48:55.382972+00:00,h_volbrk_24_96,2928.04,1469.09,DOGE-USD
2026-08-04T16:48:55.382972+00:00,h_rsi14_reg168,3000.00,3000.00,cash
2026-08-04T16:48:55.382972+00:00,h_boll_48,3000.00,3000.00,cash
2026-08-04T16:48:55.382972+00:00,h_calm_24_168,2978.70,6.26,LINK-USD ETH-USD
2026-08-04T16:48:55.382972+00:00,h_nearhi_168,2976.95,145.45,ADA-USD XRP-USD
2026-08-04T17:49:54.763742+00:00,h_trend_168,2902.66,80.22,ADA-USD SOL-USD
2026-08-04T17:49:54.763742+00:00,h_cross_24_168,2982.40,145.11,ADA-USD XRP-USD
2026-08-04T17:49:54.763742+00:00,h_tsmom_72,2900.54,78.34,ADA-USD SOL-USD
2026-08-04T17:49:54.763742+00:00,h_macd_12_26,2845.81,0.00,LINK-USD ETH-USD
2026-08-04T17:49:54.763742+00:00,h_donch_48_24,2881.99,272.39,ADA-USD BTC-USD
2026-08-04T17:49:54.763742+00:00,h_volbrk_24_96,2928.46,1469.09,DOGE-USD
2026-08-04T17:49:54.763742+00:00,h_rsi14_reg168,3000.00,3000.00,cash
2026-08-04T17:49:54.763742+00:00,h_boll_48,3000.00,3000.00,cash
2026-08-04T17:49:54.763742+00:00,h_calm_24_168,2981.33,6.26,LINK-USD ETH-USD
2026-08-04T17:49:54.763742+00:00,h_nearhi_168,2970.75,145.45,ADA-USD XRP-USD
2026-08-04T18:50:53.358760+00:00,h_trend_168,2907.14,80.22,ADA-USD SOL-USD
2026-08-04T18:50:53.358760+00:00,h_cross_24_168,2985.88,145.11,ADA-USD XRP-USD
2026-08-04T18:50:53.358760+00:00,h_tsmom_72,2905.02,78.34,ADA-USD SOL-USD
2026-08-04T18:50:53.358760+00:00,h_macd_12_26,2856.20,0.00,LINK-USD ETH-USD
2026-08-04T18:50:53.358760+00:00,h_donch_48_24,2889.22,272.39,ADA-USD BTC-USD
2026-08-04T18:50:53.358760+00:00,h_volbrk_24_96,2930.95,1469.09,DOGE-USD
2026-08-04T18:50:53.358760+00:00,h_rsi14_reg168,3000.00,3000.00,cash
2026-08-04T18:50:53.358760+00:00,h_boll_48,3000.00,3000.00,cash
2026-08-04T18:50:53.358760+00:00,h_calm_24_168,2992.16,6.26,LINK-USD ETH-USD
2026-08-04T18:50:53.358760+00:00,h_nearhi_168,2974.21,145.45,ADA-USD XRP-USD
2026-08-04T19:51:52.691818+00:00,h_trend_168,2913.94,80.22,ADA-USD SOL-USD
2026-08-04T19:51:52.691818+00:00,h_cross_24_168,2994.73,145.11,ADA-USD XRP-USD
2026-08-04T19:51:52.691818+00:00,h_tsmom_72,2911.83,78.34,ADA-USD SOL-USD
2026-08-04T19:51:52.691818+00:00,h_macd_12_26,2856.26,0.00,LINK-USD ETH-USD
2026-08-04T19:51:52.691818+00:00,h_donch_48_24,2884.27,1435.85,BTC-USD
2026-08-04T19:51:52.691818+00:00,h_volbrk_24_96,2931.16,1469.09,DOGE-USD
2026-08-04T19:51:52.691818+00:00,h_rsi14_reg168,3000.00,3000.00,cash
2026-08-04T19:51:52.691818+00:00,h_boll_48,3000.00,3000.00,cash
2026-08-04T19:51:52.691818+00:00,h_calm_24_168,2992.23,6.26,LINK-USD ETH-USD
2026-08-04T19:51:52.691818+00:00,h_nearhi_168,2983.03,145.45,ADA-USD XRP-USD
2026-08-04T20:52:52.528574+00:00,h_trend_168,2923.18,80.22,ADA-USD SOL-USD
2026-08-04T20:52:52.528574+00:00,h_cross_24_168,2999.50,145.11,ADA-USD XRP-USD
2026-08-04T20:52:52.528574+00:00,h_tsmom_72,2921.06,78.34,ADA-USD SOL-USD
2026-08-04T20:52:52.528574+00:00,h_macd_12_26,2853.39,0.00,LINK-USD ETH-USD
2026-08-04T20:52:52.528574+00:00,h_donch_48_24,2879.87,0.00,BTC-USD SOL-USD
2026-08-04T20:52:52.528574+00:00,h_volbrk_24_96,2923.83,3.51,DOGE-USD ETH-USD
2026-08-04T20:52:52.528574+00:00,h_rsi14_reg168,3000.00,3000.00,cash
2026-08-04T20:52:52.528574+00:00,h_boll_48,3000.00,3000.00,cash
2026-08-04T20:52:52.528574+00:00,h_calm_24_168,2989.24,6.26,LINK-USD ETH-USD
2026-08-04T20:52:52.528574+00:00,h_nearhi_168,2987.81,145.45,ADA-USD XRP-USD
