utc_ms,bot,pair,snapshot_sha,last_closed,signal_w,action,edge_proxy,rt_cost,gate
2026-08-03T14:13:51.193Z,s_trend_33,TSLA,ad95485e160df899,2026-08-03T13:30Z,1.000,ENTER,0.04071,0.00140,pass
2026-08-03T14:13:51.193Z,s_trend_33,NVDA,ea2db7ea15a11497,2026-08-03T13:30Z,1.000,ENTER,0.02995,0.00140,pass
2026-08-03T14:13:51.193Z,s_trend_33,GOOGL,97de1bf36e786f8b,2026-08-03T13:30Z,1.000,SKIP-cap,0.00000,0.00000,block
2026-08-03T14:13:51.193Z,s_trend_33,META,53a777bf1f645a2b,2026-08-03T13:30Z,1.000,SKIP-cap,0.00000,0.00000,block
2026-08-03T14:13:51.193Z,s_trend_33,AMZN,6aa76318b412f35c,2026-08-03T13:30Z,1.000,SKIP-cap,0.00000,0.00000,block
2026-08-03T14:13:51.193Z,s_trend_33,MSFT,ad9c6a6ae2990f6b,2026-08-03T13:30Z,1.000,SKIP-cap,0.00000,0.00000,block
2026-08-03T14:13:51.193Z,s_trend_33,QQQ,0d2a87273ecb9a5e,2026-08-03T13:30Z,1.000,SKIP-cap,0.00000,0.00000,block
2026-08-03T14:13:51.193Z,s_trend_33,IWM,910330336cf488d9,2026-08-03T13:30Z,1.000,SKIP-cap,0.00000,0.00000,block
2026-08-03T14:13:51.193Z,s_trend_33,SPY,bc9546723b4e9f05,2026-08-03T13:30Z,1.000,SKIP-cap,0.00000,0.00000,block
2026-08-03T14:13:51.193Z,s_cross_7_33,TSLA,ad95485e160df899,2026-08-03T13:30Z,1.000,ENTER,0.03183,0.00140,pass
2026-08-03T14:13:51.193Z,s_cross_7_33,NVDA,ea2db7ea15a11497,2026-08-03T13:30Z,1.000,ENTER,0.02286,0.00140,pass
2026-08-03T14:13:51.193Z,s_cross_7_33,GOOGL,97de1bf36e786f8b,2026-08-03T13:30Z,1.000,SKIP-cap,0.00000,0.00000,block
2026-08-03T14:13:51.193Z,s_cross_7_33,AMZN,6aa76318b412f35c,2026-08-03T13:30Z,1.000,SKIP-cap,0.00000,0.00000,block
2026-08-03T14:13:51.193Z,s_cross_7_33,MSFT,ad9c6a6ae2990f6b,2026-08-03T13:30Z,1.000,SKIP-cap,0.00000,0.00000,block
2026-08-03T14:13:51.193Z,s_cross_7_33,QQQ,0d2a87273ecb9a5e,2026-08-03T13:30Z,1.000,SKIP-cap,0.00000,0.00000,block
2026-08-03T14:13:51.193Z,s_cross_7_33,IWM,910330336cf488d9,2026-08-03T13:30Z,1.000,SKIP-cap,0.00000,0.00000,block
2026-08-03T14:13:51.193Z,s_cross_7_33,SPY,bc9546723b4e9f05,2026-08-03T13:30Z,1.000,SKIP-cap,0.00000,0.00000,block
2026-08-03T14:13:51.193Z,s_tsmom_21,TSLA,ad95485e160df899,2026-08-03T13:30Z,1.000,ENTER,0.03183,0.00140,pass
2026-08-03T14:13:51.193Z,s_tsmom_21,NVDA,ea2db7ea15a11497,2026-08-03T13:30Z,1.000,ENTER,0.02286,0.00140,pass
2026-08-03T14:13:51.193Z,s_tsmom_21,GOOGL,97de1bf36e786f8b,2026-08-03T13:30Z,1.000,SKIP-cap,0.00000,0.00000,block
2026-08-03T14:13:51.193Z,s_tsmom_21,META,53a777bf1f645a2b,2026-08-03T13:30Z,1.000,SKIP-cap,0.00000,0.00000,block
2026-08-03T14:13:51.193Z,s_tsmom_21,AMZN,6aa76318b412f35c,2026-08-03T13:30Z,1.000,SKIP-cap,0.00000,0.00000,block
2026-08-03T14:13:51.193Z,s_tsmom_21,MSFT,ad9c6a6ae2990f6b,2026-08-03T13:30Z,1.000,SKIP-cap,0.00000,0.00000,block
2026-08-03T14:13:51.193Z,s_tsmom_21,QQQ,0d2a87273ecb9a5e,2026-08-03T13:30Z,1.000,SKIP-cap,0.00000,0.00000,block
2026-08-03T14:13:51.193Z,s_tsmom_21,IWM,910330336cf488d9,2026-08-03T13:30Z,1.000,SKIP-cap,0.00000,0.00000,block
2026-08-03T14:13:51.193Z,s_tsmom_21,SPY,bc9546723b4e9f05,2026-08-03T13:30Z,1.000,SKIP-cap,0.00000,0.00000,block
2026-08-03T14:13:51.193Z,s_macd_12_26,TSLA,ad95485e160df899,2026-08-03T13:30Z,1.000,ENTER,0.02614,0.00140,pass
2026-08-03T14:13:51.193Z,s_macd_12_26,NVDA,ea2db7ea15a11497,2026-08-03T13:30Z,1.000,ENTER,0.01965,0.00140,pass
2026-08-03T14:13:51.193Z,s_macd_12_26,GOOGL,97de1bf36e786f8b,2026-08-03T13:30Z,1.000,SKIP-cap,0.00000,0.00000,block
2026-08-03T14:13:51.193Z,s_macd_12_26,META,53a777bf1f645a2b,2026-08-03T13:30Z,1.000,SKIP-cap,0.00000,0.00000,block
2026-08-03T14:13:51.193Z,s_macd_12_26,AMZN,6aa76318b412f35c,2026-08-03T13:30Z,1.000,SKIP-cap,0.00000,0.00000,block
2026-08-03T14:13:51.193Z,s_macd_12_26,MSFT,ad9c6a6ae2990f6b,2026-08-03T13:30Z,1.000,SKIP-cap,0.00000,0.00000,block
2026-08-03T14:13:51.193Z,s_macd_12_26,IWM,910330336cf488d9,2026-08-03T13:30Z,1.000,SKIP-cap,0.00000,0.00000,block
2026-08-03T14:13:51.193Z,s_macd_12_26,QQQ,0d2a87273ecb9a5e,2026-08-03T13:30Z,1.000,SKIP-cap,0.00000,0.00000,block
2026-08-03T14:13:51.193Z,s_macd_12_26,SPY,bc9546723b4e9f05,2026-08-03T13:30Z,1.000,SKIP-cap,0.00000,0.00000,block
2026-08-03T14:13:51.193Z,s_donch_14_7,TSLA,ad95485e160df899,2026-08-03T13:30Z,1.000,ENTER,0.02614,0.00140,pass
2026-08-03T14:13:51.193Z,s_donch_14_7,NVDA,ea2db7ea15a11497,2026-08-03T13:30Z,1.000,ENTER,0.01965,0.00140,pass
2026-08-03T14:13:51.193Z,s_donch_14_7,GOOGL,97de1bf36e786f8b,2026-08-03T13:30Z,1.000,SKIP-cap,0.00000,0.00000,block
2026-08-03T14:13:51.193Z,s_donch_14_7,META,53a777bf1f645a2b,2026-08-03T13:30Z,1.000,SKIP-cap,0.00000,0.00000,block
2026-08-03T14:13:51.193Z,s_donch_14_7,AMZN,6aa76318b412f35c,2026-08-03T13:30Z,1.000,SKIP-cap,0.00000,0.00000,block
2026-08-03T14:13:51.193Z,s_donch_14_7,MSFT,ad9c6a6ae2990f6b,2026-08-03T13:30Z,1.000,SKIP-cap,0.00000,0.00000,block
2026-08-03T14:13:51.193Z,s_donch_14_7,IWM,910330336cf488d9,2026-08-03T13:30Z,1.000,SKIP-cap,0.00000,0.00000,block
2026-08-03T14:13:51.193Z,s_donch_14_7,QQQ,0d2a87273ecb9a5e,2026-08-03T13:30Z,1.000,SKIP-cap,0.00000,0.00000,block
2026-08-03T14:13:51.193Z,s_donch_14_7,SPY,bc9546723b4e9f05,2026-08-03T13:30Z,1.000,SKIP-cap,0.00000,0.00000,block
2026-08-03T14:13:51.193Z,s_volbrk_7_33,TSLA,ad95485e160df899,2026-08-03T13:30Z,1.000,ENTER,0.02614,0.00140,pass
2026-08-03T14:13:51.193Z,s_volbrk_7_33,NVDA,ea2db7ea15a11497,2026-08-03T13:30Z,1.000,ENTER,0.01965,0.00140,pass
2026-08-03T14:13:51.193Z,s_volbrk_7_33,AMZN,6aa76318b412f35c,2026-08-03T13:30Z,1.000,SKIP-cap,0.00000,0.00000,block
2026-08-03T14:13:51.193Z,s_volbrk_7_33,MSFT,ad9c6a6ae2990f6b,2026-08-03T13:30Z,1.000,SKIP-cap,0.00000,0.00000,block
2026-08-03T14:13:51.193Z,s_volbrk_7_33,QQQ,0d2a87273ecb9a5e,2026-08-03T13:30Z,1.000,SKIP-cap,0.00000,0.00000,block
2026-08-03T14:13:51.193Z,s_volbrk_7_33,SPY,bc9546723b4e9f05,2026-08-03T13:30Z,1.000,SKIP-cap,0.00000,0.00000,block
2026-08-03T14:13:51.193Z,s_calm_7_33,TSLA,ad95485e160df899,2026-08-03T13:30Z,1.000,ENTER,0.03183,0.00140,pass
2026-08-03T14:13:51.193Z,s_calm_7_33,NVDA,ea2db7ea15a11497,2026-08-03T13:30Z,1.000,ENTER,0.02286,0.00140,pass
2026-08-03T14:13:51.193Z,s_calm_7_33,AMZN,6aa76318b412f35c,2026-08-03T13:30Z,1.000,SKIP-cap,0.00000,0.00000,block
2026-08-03T14:13:51.193Z,s_calm_7_33,AAPL,c61317f77ba9f506,2026-08-03T13:30Z,1.000,SKIP-cap,0.00000,0.00000,block
2026-08-03T14:13:51.193Z,s_calm_7_33,MSFT,ad9c6a6ae2990f6b,2026-08-03T13:30Z,1.000,SKIP-cap,0.00000,0.00000,block
2026-08-03T14:13:51.193Z,s_calm_7_33,QQQ,0d2a87273ecb9a5e,2026-08-03T13:30Z,1.000,SKIP-cap,0.00000,0.00000,block
2026-08-03T14:13:51.193Z,s_calm_7_33,SPY,bc9546723b4e9f05,2026-08-03T13:30Z,1.000,SKIP-cap,0.00000,0.00000,block
2026-08-03T14:13:51.193Z,s_nearhi_33,TSLA,ad95485e160df899,2026-08-03T13:30Z,1.000,ENTER,0.03578,0.00140,pass
2026-08-03T14:13:51.193Z,s_nearhi_33,NVDA,ea2db7ea15a11497,2026-08-03T13:30Z,1.000,ENTER,0.02730,0.00140,pass
2026-08-03T14:13:51.193Z,s_nearhi_33,GOOGL,97de1bf36e786f8b,2026-08-03T13:30Z,1.000,SKIP-cap,0.00000,0.00000,block
2026-08-03T14:13:51.193Z,s_nearhi_33,META,53a777bf1f645a2b,2026-08-03T13:30Z,1.000,SKIP-cap,0.00000,0.00000,block
2026-08-03T14:13:51.193Z,s_nearhi_33,AMZN,6aa76318b412f35c,2026-08-03T13:30Z,1.000,SKIP-cap,0.00000,0.00000,block
2026-08-03T14:13:51.193Z,s_nearhi_33,MSFT,ad9c6a6ae2990f6b,2026-08-03T13:30Z,1.000,SKIP-cap,0.00000,0.00000,block
2026-08-03T14:13:51.193Z,s_nearhi_33,IWM,910330336cf488d9,2026-08-03T13:30Z,1.000,SKIP-cap,0.00000,0.00000,block
2026-08-03T14:13:51.193Z,s_nearhi_33,QQQ,0d2a87273ecb9a5e,2026-08-03T13:30Z,1.000,SKIP-cap,0.00000,0.00000,block
2026-08-03T14:13:51.193Z,s_nearhi_33,SPY,bc9546723b4e9f05,2026-08-03T13:30Z,1.000,SKIP-cap,0.00000,0.00000,block
2026-08-03T15:14:48.089Z,s_trend_33,GOOGL,564bf607d12c9f10,2026-08-03T14:30Z,1.000,SKIP-cap,0.00000,0.00000,block
2026-08-03T15:14:48.089Z,s_trend_33,META,e8f4a6199041db95,2026-08-03T14:30Z,1.000,SKIP-cap,0.00000,0.00000,block
2026-08-03T15:14:48.089Z,s_trend_33,AMZN,3fd5d6b09845eb2b,2026-08-03T14:30Z,1.000,SKIP-cap,0.00000,0.00000,block
2026-08-03T15:14:48.089Z,s_trend_33,MSFT,50882dfb3c73b1d9,2026-08-03T14:30Z,1.000,SKIP-cap,0.00000,0.00000,block
2026-08-03T15:14:48.089Z,s_trend_33,QQQ,a7c7db9b4d9aa3f2,2026-08-03T14:30Z,1.000,SKIP-cap,0.00000,0.00000,block
2026-08-03T15:14:48.089Z,s_trend_33,IWM,d83bfaf346acce14,2026-08-03T14:30Z,1.000,SKIP-cap,0.00000,0.00000,block
2026-08-03T15:14:48.089Z,s_trend_33,SPY,f6fe95e891c50b9b,2026-08-03T14:30Z,1.000,SKIP-cap,0.00000,0.00000,block
2026-08-03T15:14:48.089Z,s_cross_7_33,GOOGL,564bf607d12c9f10,2026-08-03T14:30Z,1.000,SKIP-cap,0.00000,0.00000,block
2026-08-03T15:14:48.089Z,s_cross_7_33,AMZN,3fd5d6b09845eb2b,2026-08-03T14:30Z,1.000,SKIP-cap,0.00000,0.00000,block
2026-08-03T15:14:48.089Z,s_cross_7_33,MSFT,50882dfb3c73b1d9,2026-08-03T14:30Z,1.000,SKIP-cap,0.00000,0.00000,block
2026-08-03T15:14:48.089Z,s_cross_7_33,QQQ,a7c7db9b4d9aa3f2,2026-08-03T14:30Z,1.000,SKIP-cap,0.00000,0.00000,block
2026-08-03T15:14:48.089Z,s_cross_7_33,IWM,d83bfaf346acce14,2026-08-03T14:30Z,1.000,SKIP-cap,0.00000,0.00000,block
2026-08-03T15:14:48.089Z,s_cross_7_33,SPY,f6fe95e891c50b9b,2026-08-03T14:30Z,1.000,SKIP-cap,0.00000,0.00000,block
2026-08-03T15:14:48.089Z,s_tsmom_21,GOOGL,564bf607d12c9f10,2026-08-03T14:30Z,1.000,SKIP-cap,0.00000,0.00000,block
2026-08-03T15:14:48.089Z,s_tsmom_21,META,e8f4a6199041db95,2026-08-03T14:30Z,1.000,SKIP-cap,0.00000,0.00000,block
2026-08-03T15:14:48.089Z,s_tsmom_21,AMZN,3fd5d6b09845eb2b,2026-08-03T14:30Z,1.000,SKIP-cap,0.00000,0.00000,block
2026-08-03T15:14:48.089Z,s_tsmom_21,MSFT,50882dfb3c73b1d9,2026-08-03T14:30Z,1.000,SKIP-cap,0.00000,0.00000,block
2026-08-03T15:14:48.089Z,s_tsmom_21,QQQ,a7c7db9b4d9aa3f2,2026-08-03T14:30Z,1.000,SKIP-cap,0.00000,0.00000,block
2026-08-03T15:14:48.089Z,s_tsmom_21,IWM,d83bfaf346acce14,2026-08-03T14:30Z,1.000,SKIP-cap,0.00000,0.00000,block
2026-08-03T15:14:48.089Z,s_tsmom_21,SPY,f6fe95e891c50b9b,2026-08-03T14:30Z,1.000,SKIP-cap,0.00000,0.00000,block
2026-08-03T15:14:48.089Z,s_macd_12_26,GOOGL,564bf607d12c9f10,2026-08-03T14:30Z,1.000,SKIP-cap,0.00000,0.00000,block
2026-08-03T15:14:48.089Z,s_macd_12_26,META,e8f4a6199041db95,2026-08-03T14:30Z,1.000,SKIP-cap,0.00000,0.00000,block
2026-08-03T15:14:48.089Z,s_macd_12_26,AMZN,3fd5d6b09845eb2b,2026-08-03T14:30Z,1.000,SKIP-cap,0.00000,0.00000,block
2026-08-03T15:14:48.089Z,s_macd_12_26,MSFT,50882dfb3c73b1d9,2026-08-03T14:30Z,1.000,SKIP-cap,0.00000,0.00000,block
2026-08-03T15:14:48.089Z,s_macd_12_26,IWM,d83bfaf346acce14,2026-08-03T14:30Z,1.000,SKIP-cap,0.00000,0.00000,block
2026-08-03T15:14:48.089Z,s_macd_12_26,QQQ,a7c7db9b4d9aa3f2,2026-08-03T14:30Z,1.000,SKIP-cap,0.00000,0.00000,block
2026-08-03T15:14:48.089Z,s_macd_12_26,SPY,f6fe95e891c50b9b,2026-08-03T14:30Z,1.000,SKIP-cap,0.00000,0.00000,block
2026-08-03T15:14:48.089Z,s_donch_14_7,GOOGL,564bf607d12c9f10,2026-08-03T14:30Z,1.000,SKIP-cap,0.00000,0.00000,block
2026-08-03T15:14:48.089Z,s_donch_14_7,META,e8f4a6199041db95,2026-08-03T14:30Z,1.000,SKIP-cap,0.00000,0.00000,block
2026-08-03T15:14:48.089Z,s_donch_14_7,QQQ,a7c7db9b4d9aa3f2,2026-08-03T14:30Z,1.000,SKIP-cap,0.00000,0.00000,block
2026-08-03T15:14:48.089Z,s_donch_14_7,SPY,f6fe95e891c50b9b,2026-08-03T14:30Z,1.000,SKIP-cap,0.00000,0.00000,block
2026-08-03T15:14:48.089Z,s_volbrk_7_33,META,e8f4a6199041db95,2026-08-03T14:30Z,1.000,SKIP-cap,0.00000,0.00000,block
2026-08-03T15:14:48.089Z,s_volbrk_7_33,QQQ,a7c7db9b4d9aa3f2,2026-08-03T14:30Z,1.000,SKIP-cap,0.00000,0.00000,block
2026-08-03T15:14:48.089Z,s_volbrk_7_33,SPY,f6fe95e891c50b9b,2026-08-03T14:30Z,1.000,SKIP-cap,0.00000,0.00000,block
2026-08-03T15:14:48.089Z,s_calm_7_33,META,e8f4a6199041db95,2026-08-03T14:30Z,1.000,SKIP-cap,0.00000,0.00000,block
2026-08-03T15:14:48.089Z,s_calm_7_33,AMZN,3fd5d6b09845eb2b,2026-08-03T14:30Z,1.000,SKIP-cap,0.00000,0.00000,block
2026-08-03T15:14:48.089Z,s_calm_7_33,AAPL,c35e8b41e5ece7d6,2026-08-03T14:30Z,1.000,SKIP-cap,0.00000,0.00000,block
2026-08-03T15:14:48.089Z,s_calm_7_33,MSFT,50882dfb3c73b1d9,2026-08-03T14:30Z,1.000,SKIP-cap,0.00000,0.00000,block
2026-08-03T15:14:48.089Z,s_calm_7_33,QQQ,a7c7db9b4d9aa3f2,2026-08-03T14:30Z,1.000,SKIP-cap,0.00000,0.00000,block
2026-08-03T15:14:48.089Z,s_calm_7_33,SPY,f6fe95e891c50b9b,2026-08-03T14:30Z,1.000,SKIP-cap,0.00000,0.00000,block
2026-08-03T15:14:48.089Z,s_nearhi_33,GOOGL,564bf607d12c9f10,2026-08-03T14:30Z,1.000,SKIP-cap,0.00000,0.00000,block
2026-08-03T15:14:48.089Z,s_nearhi_33,META,e8f4a6199041db95,2026-08-03T14:30Z,1.000,SKIP-cap,0.00000,0.00000,block
2026-08-03T15:14:48.089Z,s_nearhi_33,AMZN,3fd5d6b09845eb2b,2026-08-03T14:30Z,1.000,SKIP-cap,0.00000,0.00000,block
2026-08-03T15:14:48.089Z,s_nearhi_33,MSFT,50882dfb3c73b1d9,2026-08-03T14:30Z,1.000,SKIP-cap,0.00000,0.00000,block
2026-08-03T15:14:48.089Z,s_nearhi_33,IWM,d83bfaf346acce14,2026-08-03T14:30Z,1.000,SKIP-cap,0.00000,0.00000,block
2026-08-03T15:14:48.089Z,s_nearhi_33,QQQ,a7c7db9b4d9aa3f2,2026-08-03T14:30Z,1.000,SKIP-cap,0.00000,0.00000,block
2026-08-03T15:14:48.089Z,s_nearhi_33,SPY,f6fe95e891c50b9b,2026-08-03T14:30Z,1.000,SKIP-cap,0.00000,0.00000,block
2026-08-03T16:15:48.166Z,s_trend_33,GOOGL,8d8f2631e98ad7f6,2026-08-03T15:30Z,1.000,SKIP-cap,0.00000,0.00000,block
2026-08-03T16:15:48.166Z,s_trend_33,META,bfa4832c6e1aa8eb,2026-08-03T15:30Z,1.000,SKIP-cap,0.00000,0.00000,block
2026-08-03T16:15:48.166Z,s_trend_33,AMZN,e4cd666d2776dd1c,2026-08-03T15:30Z,1.000,SKIP-cap,0.00000,0.00000,block
2026-08-03T16:15:48.166Z,s_trend_33,MSFT,36fefc960f9ee15a,2026-08-03T15:30Z,1.000,SKIP-cap,0.00000,0.00000,block
2026-08-03T16:15:48.166Z,s_trend_33,QQQ,2d2607fe705fcaa8,2026-08-03T15:30Z,1.000,SKIP-cap,0.00000,0.00000,block
2026-08-03T16:15:48.166Z,s_trend_33,IWM,142bb79ecea77536,2026-08-03T15:30Z,1.000,SKIP-cap,0.00000,0.00000,block
2026-08-03T16:15:48.166Z,s_trend_33,SPY,8584e69bb9833d6c,2026-08-03T15:30Z,1.000,SKIP-cap,0.00000,0.00000,block
2026-08-03T16:15:48.166Z,s_cross_7_33,GOOGL,8d8f2631e98ad7f6,2026-08-03T15:30Z,1.000,SKIP-cap,0.00000,0.00000,block
2026-08-03T16:15:48.166Z,s_cross_7_33,AMZN,e4cd666d2776dd1c,2026-08-03T15:30Z,1.000,SKIP-cap,0.00000,0.00000,block
2026-08-03T16:15:48.166Z,s_cross_7_33,MSFT,36fefc960f9ee15a,2026-08-03T15:30Z,1.000,SKIP-cap,0.00000,0.00000,block
2026-08-03T16:15:48.166Z,s_cross_7_33,QQQ,2d2607fe705fcaa8,2026-08-03T15:30Z,1.000,SKIP-cap,0.00000,0.00000,block
2026-08-03T16:15:48.166Z,s_cross_7_33,IWM,142bb79ecea77536,2026-08-03T15:30Z,1.000,SKIP-cap,0.00000,0.00000,block
2026-08-03T16:15:48.166Z,s_cross_7_33,SPY,8584e69bb9833d6c,2026-08-03T15:30Z,1.000,SKIP-cap,0.00000,0.00000,block
2026-08-03T16:15:48.166Z,s_tsmom_21,GOOGL,8d8f2631e98ad7f6,2026-08-03T15:30Z,1.000,SKIP-cap,0.00000,0.00000,block
2026-08-03T16:15:48.166Z,s_tsmom_21,META,bfa4832c6e1aa8eb,2026-08-03T15:30Z,1.000,SKIP-cap,0.00000,0.00000,block
2026-08-03T16:15:48.166Z,s_tsmom_21,AMZN,e4cd666d2776dd1c,2026-08-03T15:30Z,1.000,SKIP-cap,0.00000,0.00000,block
2026-08-03T16:15:48.166Z,s_tsmom_21,MSFT,36fefc960f9ee15a,2026-08-03T15:30Z,1.000,SKIP-cap,0.00000,0.00000,block
2026-08-03T16:15:48.166Z,s_tsmom_21,QQQ,2d2607fe705fcaa8,2026-08-03T15:30Z,1.000,SKIP-cap,0.00000,0.00000,block
2026-08-03T16:15:48.166Z,s_tsmom_21,IWM,142bb79ecea77536,2026-08-03T15:30Z,1.000,SKIP-cap,0.00000,0.00000,block
2026-08-03T16:15:48.166Z,s_tsmom_21,SPY,8584e69bb9833d6c,2026-08-03T15:30Z,1.000,SKIP-cap,0.00000,0.00000,block
2026-08-03T16:15:48.166Z,s_macd_12_26,GOOGL,8d8f2631e98ad7f6,2026-08-03T15:30Z,1.000,SKIP-cap,0.00000,0.00000,block
2026-08-03T16:15:48.166Z,s_macd_12_26,META,bfa4832c6e1aa8eb,2026-08-03T15:30Z,1.000,SKIP-cap,0.00000,0.00000,block
2026-08-03T16:15:48.166Z,s_macd_12_26,AMZN,e4cd666d2776dd1c,2026-08-03T15:30Z,1.000,SKIP-cap,0.00000,0.00000,block
2026-08-03T16:15:48.166Z,s_macd_12_26,MSFT,36fefc960f9ee15a,2026-08-03T15:30Z,1.000,SKIP-cap,0.00000,0.00000,block
2026-08-03T16:15:48.166Z,s_macd_12_26,IWM,142bb79ecea77536,2026-08-03T15:30Z,1.000,SKIP-cap,0.00000,0.00000,block
2026-08-03T16:15:48.166Z,s_macd_12_26,QQQ,2d2607fe705fcaa8,2026-08-03T15:30Z,1.000,SKIP-cap,0.00000,0.00000,block
2026-08-03T16:15:48.166Z,s_macd_12_26,SPY,8584e69bb9833d6c,2026-08-03T15:30Z,1.000,SKIP-cap,0.00000,0.00000,block
2026-08-03T16:15:48.166Z,s_donch_14_7,GOOGL,8d8f2631e98ad7f6,2026-08-03T15:30Z,1.000,SKIP-cap,0.00000,0.00000,block
2026-08-03T16:15:48.166Z,s_donch_14_7,MSFT,36fefc960f9ee15a,2026-08-03T15:30Z,1.000,SKIP-cap,0.00000,0.00000,block
2026-08-03T16:15:48.166Z,s_donch_14_7,IWM,142bb79ecea77536,2026-08-03T15:30Z,1.000,SKIP-cap,0.00000,0.00000,block
2026-08-03T16:15:48.166Z,s_donch_14_7,QQQ,2d2607fe705fcaa8,2026-08-03T15:30Z,1.000,SKIP-cap,0.00000,0.00000,block
2026-08-03T16:15:48.166Z,s_donch_14_7,SPY,8584e69bb9833d6c,2026-08-03T15:30Z,1.000,SKIP-cap,0.00000,0.00000,block
2026-08-03T16:15:48.166Z,s_volbrk_7_33,MSFT,36fefc960f9ee15a,2026-08-03T15:30Z,1.000,SKIP-cap,0.00000,0.00000,block
2026-08-03T16:15:48.166Z,s_volbrk_7_33,QQQ,2d2607fe705fcaa8,2026-08-03T15:30Z,1.000,SKIP-cap,0.00000,0.00000,block
2026-08-03T16:15:48.166Z,s_volbrk_7_33,SPY,8584e69bb9833d6c,2026-08-03T15:30Z,1.000,SKIP-cap,0.00000,0.00000,block
2026-08-03T16:15:48.166Z,s_calm_7_33,META,bfa4832c6e1aa8eb,2026-08-03T15:30Z,1.000,SKIP-cap,0.00000,0.00000,block
2026-08-03T16:15:48.166Z,s_calm_7_33,AMZN,e4cd666d2776dd1c,2026-08-03T15:30Z,1.000,SKIP-cap,0.00000,0.00000,block
2026-08-03T16:15:48.166Z,s_calm_7_33,AAPL,a7d2830bec93239d,2026-08-03T15:30Z,1.000,SKIP-cap,0.00000,0.00000,block
2026-08-03T16:15:48.166Z,s_calm_7_33,MSFT,36fefc960f9ee15a,2026-08-03T15:30Z,1.000,SKIP-cap,0.00000,0.00000,block
2026-08-03T16:15:48.166Z,s_calm_7_33,QQQ,2d2607fe705fcaa8,2026-08-03T15:30Z,1.000,SKIP-cap,0.00000,0.00000,block
2026-08-03T16:15:48.166Z,s_calm_7_33,SPY,8584e69bb9833d6c,2026-08-03T15:30Z,1.000,SKIP-cap,0.00000,0.00000,block
2026-08-03T16:15:48.166Z,s_nearhi_33,GOOGL,8d8f2631e98ad7f6,2026-08-03T15:30Z,1.000,SKIP-cap,0.00000,0.00000,block
2026-08-03T16:15:48.166Z,s_nearhi_33,META,bfa4832c6e1aa8eb,2026-08-03T15:30Z,1.000,SKIP-cap,0.00000,0.00000,block
2026-08-03T16:15:48.166Z,s_nearhi_33,AMZN,e4cd666d2776dd1c,2026-08-03T15:30Z,1.000,SKIP-cap,0.00000,0.00000,block
2026-08-03T16:15:48.166Z,s_nearhi_33,MSFT,36fefc960f9ee15a,2026-08-03T15:30Z,1.000,SKIP-cap,0.00000,0.00000,block
2026-08-03T16:15:48.166Z,s_nearhi_33,IWM,142bb79ecea77536,2026-08-03T15:30Z,1.000,SKIP-cap,0.00000,0.00000,block
2026-08-03T16:15:48.166Z,s_nearhi_33,QQQ,2d2607fe705fcaa8,2026-08-03T15:30Z,1.000,SKIP-cap,0.00000,0.00000,block
2026-08-03T16:15:48.166Z,s_nearhi_33,SPY,8584e69bb9833d6c,2026-08-03T15:30Z,1.000,SKIP-cap,0.00000,0.00000,block
2026-08-03T17:16:48.687Z,s_trend_33,GOOGL,f17b989bbff06a97,2026-08-03T16:30Z,1.000,SKIP-cap,0.00000,0.00000,block
2026-08-03T17:16:48.687Z,s_trend_33,META,3a0adeec9d8a18ea,2026-08-03T16:30Z,1.000,SKIP-cap,0.00000,0.00000,block
2026-08-03T17:16:48.687Z,s_trend_33,AMZN,3446b3cc120baeec,2026-08-03T16:30Z,1.000,SKIP-cap,0.00000,0.00000,block
2026-08-03T17:16:48.687Z,s_trend_33,MSFT,820669c93e6e0f96,2026-08-03T16:30Z,1.000,SKIP-cap,0.00000,0.00000,block
2026-08-03T17:16:48.687Z,s_trend_33,QQQ,e7079e42be62ef65,2026-08-03T16:30Z,1.000,SKIP-cap,0.00000,0.00000,block
2026-08-03T17:16:48.687Z,s_trend_33,IWM,e01aa2ee3c8d259f,2026-08-03T16:30Z,1.000,SKIP-cap,0.00000,0.00000,block
2026-08-03T17:16:48.687Z,s_trend_33,SPY,b3d67bd3a4ce4c7d,2026-08-03T16:30Z,1.000,SKIP-cap,0.00000,0.00000,block
2026-08-03T17:16:48.687Z,s_cross_7_33,GOOGL,f17b989bbff06a97,2026-08-03T16:30Z,1.000,SKIP-cap,0.00000,0.00000,block
2026-08-03T17:16:48.687Z,s_cross_7_33,META,3a0adeec9d8a18ea,2026-08-03T16:30Z,1.000,SKIP-cap,0.00000,0.00000,block
2026-08-03T17:16:48.687Z,s_cross_7_33,AMZN,3446b3cc120baeec,2026-08-03T16:30Z,1.000,SKIP-cap,0.00000,0.00000,block
2026-08-03T17:16:48.687Z,s_cross_7_33,MSFT,820669c93e6e0f96,2026-08-03T16:30Z,1.000,SKIP-cap,0.00000,0.00000,block
2026-08-03T17:16:48.687Z,s_cross_7_33,QQQ,e7079e42be62ef65,2026-08-03T16:30Z,1.000,SKIP-cap,0.00000,0.00000,block
2026-08-03T17:16:48.687Z,s_cross_7_33,IWM,e01aa2ee3c8d259f,2026-08-03T16:30Z,1.000,SKIP-cap,0.00000,0.00000,block
2026-08-03T17:16:48.687Z,s_cross_7_33,SPY,b3d67bd3a4ce4c7d,2026-08-03T16:30Z,1.000,SKIP-cap,0.00000,0.00000,block
2026-08-03T17:16:48.687Z,s_tsmom_21,GOOGL,f17b989bbff06a97,2026-08-03T16:30Z,1.000,SKIP-cap,0.00000,0.00000,block
2026-08-03T17:16:48.687Z,s_tsmom_21,AMZN,3446b3cc120baeec,2026-08-03T16:30Z,1.000,SKIP-cap,0.00000,0.00000,block
2026-08-03T17:16:48.687Z,s_tsmom_21,MSFT,820669c93e6e0f96,2026-08-03T16:30Z,1.000,SKIP-cap,0.00000,0.00000,block
2026-08-03T17:16:48.687Z,s_tsmom_21,QQQ,e7079e42be62ef65,2026-08-03T16:30Z,1.000,SKIP-cap,0.00000,0.00000,block
2026-08-03T17:16:48.687Z,s_tsmom_21,IWM,e01aa2ee3c8d259f,2026-08-03T16:30Z,1.000,SKIP-cap,0.00000,0.00000,block
2026-08-03T17:16:48.687Z,s_tsmom_21,SPY,b3d67bd3a4ce4c7d,2026-08-03T16:30Z,1.000,SKIP-cap,0.00000,0.00000,block
2026-08-03T17:16:48.687Z,s_macd_12_26,GOOGL,f17b989bbff06a97,2026-08-03T16:30Z,1.000,SKIP-cap,0.00000,0.00000,block
2026-08-03T17:16:48.687Z,s_macd_12_26,META,3a0adeec9d8a18ea,2026-08-03T16:30Z,1.000,SKIP-cap,0.00000,0.00000,block
2026-08-03T17:16:48.687Z,s_macd_12_26,AMZN,3446b3cc120baeec,2026-08-03T16:30Z,1.000,SKIP-cap,0.00000,0.00000,block
2026-08-03T17:16:48.687Z,s_macd_12_26,MSFT,820669c93e6e0f96,2026-08-03T16:30Z,1.000,SKIP-cap,0.00000,0.00000,block
2026-08-03T17:16:48.687Z,s_macd_12_26,IWM,e01aa2ee3c8d259f,2026-08-03T16:30Z,1.000,SKIP-cap,0.00000,0.00000,block
2026-08-03T17:16:48.687Z,s_macd_12_26,QQQ,e7079e42be62ef65,2026-08-03T16:30Z,1.000,SKIP-cap,0.00000,0.00000,block
2026-08-03T17:16:48.687Z,s_macd_12_26,SPY,b3d67bd3a4ce4c7d,2026-08-03T16:30Z,1.000,SKIP-cap,0.00000,0.00000,block
2026-08-03T17:16:48.687Z,s_donch_14_7,MSFT,820669c93e6e0f96,2026-08-03T16:30Z,1.000,SKIP-cap,0.00000,0.00000,block
2026-08-03T17:16:48.687Z,s_donch_14_7,QQQ,e7079e42be62ef65,2026-08-03T16:30Z,1.000,SKIP-cap,0.00000,0.00000,block
2026-08-03T17:16:48.687Z,s_volbrk_7_33,MSFT,820669c93e6e0f96,2026-08-03T16:30Z,1.000,SKIP-cap,0.00000,0.00000,block
2026-08-03T17:16:48.687Z,s_volbrk_7_33,QQQ,e7079e42be62ef65,2026-08-03T16:30Z,1.000,SKIP-cap,0.00000,0.00000,block
2026-08-03T17:16:48.687Z,s_calm_7_33,META,3a0adeec9d8a18ea,2026-08-03T16:30Z,1.000,SKIP-cap,0.00000,0.00000,block
2026-08-03T17:16:48.687Z,s_calm_7_33,AMZN,3446b3cc120baeec,2026-08-03T16:30Z,1.000,SKIP-cap,0.00000,0.00000,block
2026-08-03T17:16:48.687Z,s_calm_7_33,AAPL,5c897cee92244544,2026-08-03T16:30Z,1.000,SKIP-cap,0.00000,0.00000,block
2026-08-03T17:16:48.687Z,s_calm_7_33,MSFT,820669c93e6e0f96,2026-08-03T16:30Z,1.000,SKIP-cap,0.00000,0.00000,block
2026-08-03T17:16:48.687Z,s_calm_7_33,QQQ,e7079e42be62ef65,2026-08-03T16:30Z,1.000,SKIP-cap,0.00000,0.00000,block
2026-08-03T17:16:48.687Z,s_calm_7_33,SPY,b3d67bd3a4ce4c7d,2026-08-03T16:30Z,1.000,SKIP-cap,0.00000,0.00000,block
2026-08-03T17:16:48.687Z,s_nearhi_33,GOOGL,f17b989bbff06a97,2026-08-03T16:30Z,1.000,SKIP-cap,0.00000,0.00000,block
2026-08-03T17:16:48.687Z,s_nearhi_33,META,3a0adeec9d8a18ea,2026-08-03T16:30Z,1.000,SKIP-cap,0.00000,0.00000,block
2026-08-03T17:16:48.687Z,s_nearhi_33,AMZN,3446b3cc120baeec,2026-08-03T16:30Z,1.000,SKIP-cap,0.00000,0.00000,block
2026-08-03T17:16:48.687Z,s_nearhi_33,MSFT,820669c93e6e0f96,2026-08-03T16:30Z,1.000,SKIP-cap,0.00000,0.00000,block
2026-08-03T17:16:48.687Z,s_nearhi_33,IWM,e01aa2ee3c8d259f,2026-08-03T16:30Z,1.000,SKIP-cap,0.00000,0.00000,block
2026-08-03T17:16:48.687Z,s_nearhi_33,QQQ,e7079e42be62ef65,2026-08-03T16:30Z,1.000,SKIP-cap,0.00000,0.00000,block
2026-08-03T17:16:48.687Z,s_nearhi_33,SPY,b3d67bd3a4ce4c7d,2026-08-03T16:30Z,1.000,SKIP-cap,0.00000,0.00000,block
2026-08-03T18:17:46.354Z,s_trend_33,GOOGL,71b1df12bc181998,2026-08-03T17:30Z,1.000,SKIP-cap,0.00000,0.00000,block
2026-08-03T18:17:46.354Z,s_trend_33,META,fd3cdb67b1012a57,2026-08-03T17:30Z,1.000,SKIP-cap,0.00000,0.00000,block
2026-08-03T18:17:46.354Z,s_trend_33,AMZN,5a886c559530cd53,2026-08-03T17:30Z,1.000,SKIP-cap,0.00000,0.00000,block
2026-08-03T18:17:46.354Z,s_trend_33,MSFT,d68633468042bdd7,2026-08-03T17:30Z,1.000,SKIP-cap,0.00000,0.00000,block
2026-08-03T18:17:46.354Z,s_trend_33,QQQ,989cfd814887f2fc,2026-08-03T17:30Z,1.000,SKIP-cap,0.00000,0.00000,block
2026-08-03T18:17:46.354Z,s_trend_33,IWM,406524c0b63c3b65,2026-08-03T17:30Z,1.000,SKIP-cap,0.00000,0.00000,block
2026-08-03T18:17:46.354Z,s_trend_33,SPY,b3d1ebbca8a1c437,2026-08-03T17:30Z,1.000,SKIP-cap,0.00000,0.00000,block
2026-08-03T18:17:46.354Z,s_cross_7_33,GOOGL,71b1df12bc181998,2026-08-03T17:30Z,1.000,SKIP-cap,0.00000,0.00000,block
2026-08-03T18:17:46.354Z,s_cross_7_33,META,fd3cdb67b1012a57,2026-08-03T17:30Z,1.000,SKIP-cap,0.00000,0.00000,block
2026-08-03T18:17:46.354Z,s_cross_7_33,AMZN,5a886c559530cd53,2026-08-03T17:30Z,1.000,SKIP-cap,0.00000,0.00000,block
2026-08-03T18:17:46.354Z,s_cross_7_33,MSFT,d68633468042bdd7,2026-08-03T17:30Z,1.000,SKIP-cap,0.00000,0.00000,block
2026-08-03T18:17:46.354Z,s_cross_7_33,QQQ,989cfd814887f2fc,2026-08-03T17:30Z,1.000,SKIP-cap,0.00000,0.00000,block
2026-08-03T18:17:46.354Z,s_cross_7_33,IWM,406524c0b63c3b65,2026-08-03T17:30Z,1.000,SKIP-cap,0.00000,0.00000,block
2026-08-03T18:17:46.354Z,s_cross_7_33,SPY,b3d1ebbca8a1c437,2026-08-03T17:30Z,1.000,SKIP-cap,0.00000,0.00000,block
2026-08-03T18:17:46.354Z,s_tsmom_21,GOOGL,71b1df12bc181998,2026-08-03T17:30Z,1.000,SKIP-cap,0.00000,0.00000,block
2026-08-03T18:17:46.354Z,s_tsmom_21,AMZN,5a886c559530cd53,2026-08-03T17:30Z,1.000,SKIP-cap,0.00000,0.00000,block
2026-08-03T18:17:46.354Z,s_tsmom_21,MSFT,d68633468042bdd7,2026-08-03T17:30Z,1.000,SKIP-cap,0.00000,0.00000,block
2026-08-03T18:17:46.354Z,s_tsmom_21,QQQ,989cfd814887f2fc,2026-08-03T17:30Z,1.000,SKIP-cap,0.00000,0.00000,block
2026-08-03T18:17:46.354Z,s_tsmom_21,IWM,406524c0b63c3b65,2026-08-03T17:30Z,1.000,SKIP-cap,0.00000,0.00000,block
2026-08-03T18:17:46.354Z,s_tsmom_21,SPY,b3d1ebbca8a1c437,2026-08-03T17:30Z,1.000,SKIP-cap,0.00000,0.00000,block
2026-08-03T18:17:46.354Z,s_macd_12_26,GOOGL,71b1df12bc181998,2026-08-03T17:30Z,1.000,SKIP-cap,0.00000,0.00000,block
2026-08-03T18:17:46.354Z,s_macd_12_26,META,fd3cdb67b1012a57,2026-08-03T17:30Z,1.000,SKIP-cap,0.00000,0.00000,block
2026-08-03T18:17:46.354Z,s_macd_12_26,AMZN,5a886c559530cd53,2026-08-03T17:30Z,1.000,SKIP-cap,0.00000,0.00000,block
2026-08-03T18:17:46.354Z,s_macd_12_26,MSFT,d68633468042bdd7,2026-08-03T17:30Z,1.000,SKIP-cap,0.00000,0.00000,block
2026-08-03T18:17:46.354Z,s_macd_12_26,IWM,406524c0b63c3b65,2026-08-03T17:30Z,1.000,SKIP-cap,0.00000,0.00000,block
2026-08-03T18:17:46.354Z,s_macd_12_26,QQQ,989cfd814887f2fc,2026-08-03T17:30Z,1.000,SKIP-cap,0.00000,0.00000,block
2026-08-03T18:17:46.354Z,s_macd_12_26,SPY,b3d1ebbca8a1c437,2026-08-03T17:30Z,1.000,SKIP-cap,0.00000,0.00000,block
2026-08-03T18:17:46.354Z,s_donch_14_7,MSFT,d68633468042bdd7,2026-08-03T17:30Z,1.000,SKIP-cap,0.00000,0.00000,block
2026-08-03T18:17:46.354Z,s_donch_14_7,IWM,406524c0b63c3b65,2026-08-03T17:30Z,1.000,SKIP-cap,0.00000,0.00000,block
2026-08-03T18:17:46.354Z,s_donch_14_7,QQQ,989cfd814887f2fc,2026-08-03T17:30Z,1.000,SKIP-cap,0.00000,0.00000,block
2026-08-03T18:17:46.354Z,s_donch_14_7,SPY,b3d1ebbca8a1c437,2026-08-03T17:30Z,1.000,SKIP-cap,0.00000,0.00000,block
2026-08-03T18:17:46.354Z,s_volbrk_7_33,MSFT,d68633468042bdd7,2026-08-03T17:30Z,1.000,SKIP-cap,0.00000,0.00000,block
2026-08-03T18:17:46.354Z,s_volbrk_7_33,QQQ,989cfd814887f2fc,2026-08-03T17:30Z,1.000,SKIP-cap,0.00000,0.00000,block
2026-08-03T18:17:46.354Z,s_volbrk_7_33,SPY,b3d1ebbca8a1c437,2026-08-03T17:30Z,1.000,SKIP-cap,0.00000,0.00000,block
2026-08-03T18:17:46.354Z,s_calm_7_33,META,fd3cdb67b1012a57,2026-08-03T17:30Z,1.000,SKIP-cap,0.00000,0.00000,block
2026-08-03T18:17:46.354Z,s_calm_7_33,AMZN,5a886c559530cd53,2026-08-03T17:30Z,1.000,SKIP-cap,0.00000,0.00000,block
2026-08-03T18:17:46.354Z,s_calm_7_33,AAPL,7bbb5d3c1af13a59,2026-08-03T17:30Z,1.000,SKIP-cap,0.00000,0.00000,block
2026-08-03T18:17:46.354Z,s_calm_7_33,MSFT,d68633468042bdd7,2026-08-03T17:30Z,1.000,SKIP-cap,0.00000,0.00000,block
2026-08-03T18:17:46.354Z,s_calm_7_33,QQQ,989cfd814887f2fc,2026-08-03T17:30Z,1.000,SKIP-cap,0.00000,0.00000,block
2026-08-03T18:17:46.354Z,s_calm_7_33,SPY,b3d1ebbca8a1c437,2026-08-03T17:30Z,1.000,SKIP-cap,0.00000,0.00000,block
2026-08-03T18:17:46.354Z,s_nearhi_33,GOOGL,71b1df12bc181998,2026-08-03T17:30Z,1.000,SKIP-cap,0.00000,0.00000,block
2026-08-03T18:17:46.354Z,s_nearhi_33,META,fd3cdb67b1012a57,2026-08-03T17:30Z,1.000,SKIP-cap,0.00000,0.00000,block
2026-08-03T18:17:46.354Z,s_nearhi_33,AMZN,5a886c559530cd53,2026-08-03T17:30Z,1.000,SKIP-cap,0.00000,0.00000,block
2026-08-03T18:17:46.354Z,s_nearhi_33,MSFT,d68633468042bdd7,2026-08-03T17:30Z,1.000,SKIP-cap,0.00000,0.00000,block
2026-08-03T18:17:46.354Z,s_nearhi_33,IWM,406524c0b63c3b65,2026-08-03T17:30Z,1.000,SKIP-cap,0.00000,0.00000,block
2026-08-03T18:17:46.354Z,s_nearhi_33,QQQ,989cfd814887f2fc,2026-08-03T17:30Z,1.000,SKIP-cap,0.00000,0.00000,block
2026-08-03T18:17:46.354Z,s_nearhi_33,SPY,b3d1ebbca8a1c437,2026-08-03T17:30Z,1.000,SKIP-cap,0.00000,0.00000,block
2026-08-03T19:18:46.914Z,s_trend_33,GOOGL,fc50627c635c41b1,2026-08-03T18:30Z,1.000,SKIP-cap,0.00000,0.00000,block
2026-08-03T19:18:46.914Z,s_trend_33,META,cb53228c4056872d,2026-08-03T18:30Z,1.000,SKIP-cap,0.00000,0.00000,block
2026-08-03T19:18:46.914Z,s_trend_33,AMZN,f08ecbf70988e169,2026-08-03T18:30Z,1.000,SKIP-cap,0.00000,0.00000,block
2026-08-03T19:18:46.914Z,s_trend_33,MSFT,91634706bb4e8989,2026-08-03T18:30Z,1.000,SKIP-cap,0.00000,0.00000,block
2026-08-03T19:18:46.914Z,s_trend_33,QQQ,cf1e68a85cb53947,2026-08-03T18:30Z,1.000,SKIP-cap,0.00000,0.00000,block
2026-08-03T19:18:46.914Z,s_trend_33,IWM,b164233d8d1ff745,2026-08-03T18:30Z,1.000,SKIP-cap,0.00000,0.00000,block
2026-08-03T19:18:46.914Z,s_trend_33,SPY,488e7228c7ea728b,2026-08-03T18:30Z,1.000,SKIP-cap,0.00000,0.00000,block
2026-08-03T19:18:46.914Z,s_cross_7_33,GOOGL,fc50627c635c41b1,2026-08-03T18:30Z,1.000,SKIP-cap,0.00000,0.00000,block
2026-08-03T19:18:46.914Z,s_cross_7_33,META,cb53228c4056872d,2026-08-03T18:30Z,1.000,SKIP-cap,0.00000,0.00000,block
2026-08-03T19:18:46.914Z,s_cross_7_33,AMZN,f08ecbf70988e169,2026-08-03T18:30Z,1.000,SKIP-cap,0.00000,0.00000,block
2026-08-03T19:18:46.914Z,s_cross_7_33,MSFT,91634706bb4e8989,2026-08-03T18:30Z,1.000,SKIP-cap,0.00000,0.00000,block
2026-08-03T19:18:46.914Z,s_cross_7_33,QQQ,cf1e68a85cb53947,2026-08-03T18:30Z,1.000,SKIP-cap,0.00000,0.00000,block
2026-08-03T19:18:46.914Z,s_cross_7_33,IWM,b164233d8d1ff745,2026-08-03T18:30Z,1.000,SKIP-cap,0.00000,0.00000,block
2026-08-03T19:18:46.914Z,s_cross_7_33,SPY,488e7228c7ea728b,2026-08-03T18:30Z,1.000,SKIP-cap,0.00000,0.00000,block
2026-08-03T19:18:46.914Z,s_tsmom_21,GOOGL,fc50627c635c41b1,2026-08-03T18:30Z,1.000,SKIP-cap,0.00000,0.00000,block
2026-08-03T19:18:46.914Z,s_tsmom_21,META,cb53228c4056872d,2026-08-03T18:30Z,1.000,SKIP-cap,0.00000,0.00000,block
2026-08-03T19:18:46.914Z,s_tsmom_21,AMZN,f08ecbf70988e169,2026-08-03T18:30Z,1.000,SKIP-cap,0.00000,0.00000,block
2026-08-03T19:18:46.914Z,s_tsmom_21,MSFT,91634706bb4e8989,2026-08-03T18:30Z,1.000,SKIP-cap,0.00000,0.00000,block
2026-08-03T19:18:46.914Z,s_tsmom_21,QQQ,cf1e68a85cb53947,2026-08-03T18:30Z,1.000,SKIP-cap,0.00000,0.00000,block
2026-08-03T19:18:46.914Z,s_tsmom_21,IWM,b164233d8d1ff745,2026-08-03T18:30Z,1.000,SKIP-cap,0.00000,0.00000,block
2026-08-03T19:18:46.914Z,s_tsmom_21,SPY,488e7228c7ea728b,2026-08-03T18:30Z,1.000,SKIP-cap,0.00000,0.00000,block
2026-08-03T19:18:46.914Z,s_macd_12_26,GOOGL,fc50627c635c41b1,2026-08-03T18:30Z,1.000,SKIP-cap,0.00000,0.00000,block
2026-08-03T19:18:46.914Z,s_macd_12_26,META,cb53228c4056872d,2026-08-03T18:30Z,1.000,SKIP-cap,0.00000,0.00000,block
2026-08-03T19:18:46.914Z,s_macd_12_26,AMZN,f08ecbf70988e169,2026-08-03T18:30Z,1.000,SKIP-cap,0.00000,0.00000,block
2026-08-03T19:18:46.914Z,s_macd_12_26,MSFT,91634706bb4e8989,2026-08-03T18:30Z,1.000,SKIP-cap,0.00000,0.00000,block
2026-08-03T19:18:46.914Z,s_macd_12_26,IWM,b164233d8d1ff745,2026-08-03T18:30Z,1.000,SKIP-cap,0.00000,0.00000,block
2026-08-03T19:18:46.914Z,s_macd_12_26,QQQ,cf1e68a85cb53947,2026-08-03T18:30Z,1.000,SKIP-cap,0.00000,0.00000,block
2026-08-03T19:18:46.914Z,s_macd_12_26,SPY,488e7228c7ea728b,2026-08-03T18:30Z,1.000,SKIP-cap,0.00000,0.00000,block
2026-08-03T19:18:46.914Z,s_donch_14_7,IWM,b164233d8d1ff745,2026-08-03T18:30Z,1.000,SKIP-cap,0.00000,0.00000,block
2026-08-03T19:18:46.914Z,s_donch_14_7,QQQ,cf1e68a85cb53947,2026-08-03T18:30Z,1.000,SKIP-cap,0.00000,0.00000,block
2026-08-03T19:18:46.914Z,s_donch_14_7,SPY,488e7228c7ea728b,2026-08-03T18:30Z,1.000,SKIP-cap,0.00000,0.00000,block
2026-08-03T19:18:46.914Z,s_volbrk_7_33,QQQ,cf1e68a85cb53947,2026-08-03T18:30Z,1.000,SKIP-cap,0.00000,0.00000,block
2026-08-03T19:18:46.914Z,s_volbrk_7_33,SPY,488e7228c7ea728b,2026-08-03T18:30Z,1.000,SKIP-cap,0.00000,0.00000,block
2026-08-03T19:18:46.914Z,s_calm_7_33,META,cb53228c4056872d,2026-08-03T18:30Z,1.000,SKIP-cap,0.00000,0.00000,block
2026-08-03T19:18:46.914Z,s_calm_7_33,AMZN,f08ecbf70988e169,2026-08-03T18:30Z,1.000,SKIP-cap,0.00000,0.00000,block
2026-08-03T19:18:46.914Z,s_calm_7_33,AAPL,e310ca7873c1484e,2026-08-03T18:30Z,1.000,SKIP-cap,0.00000,0.00000,block
2026-08-03T19:18:46.914Z,s_calm_7_33,MSFT,91634706bb4e8989,2026-08-03T18:30Z,1.000,SKIP-cap,0.00000,0.00000,block
2026-08-03T19:18:46.914Z,s_calm_7_33,QQQ,cf1e68a85cb53947,2026-08-03T18:30Z,1.000,SKIP-cap,0.00000,0.00000,block
2026-08-03T19:18:46.914Z,s_calm_7_33,SPY,488e7228c7ea728b,2026-08-03T18:30Z,1.000,SKIP-cap,0.00000,0.00000,block
2026-08-03T19:18:46.914Z,s_nearhi_33,GOOGL,fc50627c635c41b1,2026-08-03T18:30Z,1.000,SKIP-cap,0.00000,0.00000,block
2026-08-03T19:18:46.914Z,s_nearhi_33,META,cb53228c4056872d,2026-08-03T18:30Z,1.000,SKIP-cap,0.00000,0.00000,block
2026-08-03T19:18:46.914Z,s_nearhi_33,AMZN,f08ecbf70988e169,2026-08-03T18:30Z,1.000,SKIP-cap,0.00000,0.00000,block
2026-08-03T19:18:46.914Z,s_nearhi_33,MSFT,91634706bb4e8989,2026-08-03T18:30Z,1.000,SKIP-cap,0.00000,0.00000,block
2026-08-03T19:18:46.914Z,s_nearhi_33,IWM,b164233d8d1ff745,2026-08-03T18:30Z,1.000,SKIP-cap,0.00000,0.00000,block
2026-08-03T19:18:46.914Z,s_nearhi_33,QQQ,cf1e68a85cb53947,2026-08-03T18:30Z,1.000,SKIP-cap,0.00000,0.00000,block
2026-08-03T19:18:46.914Z,s_nearhi_33,SPY,488e7228c7ea728b,2026-08-03T18:30Z,1.000,SKIP-cap,0.00000,0.00000,block
2026-08-04T13:46:01.281Z,s_trend_33,GOOGL,110ac98e4a67fdc6,2026-08-04T13:30Z,1.000,SKIP-cap,0.00000,0.00000,block
2026-08-04T13:46:01.281Z,s_trend_33,META,e110409a9bf353e6,2026-08-04T13:30Z,1.000,SKIP-cap,0.00000,0.00000,block
2026-08-04T13:46:01.281Z,s_trend_33,AMZN,d7dd10c5b893a66b,2026-08-04T13:30Z,1.000,SKIP-cap,0.00000,0.00000,block
2026-08-04T13:46:01.281Z,s_trend_33,MSFT,78ff706c1c4a00a2,2026-08-04T13:30Z,1.000,SKIP-cap,0.00000,0.00000,block
2026-08-04T13:46:01.281Z,s_trend_33,QQQ,1eebabac01c1cc16,2026-08-04T13:30Z,1.000,SKIP-cap,0.00000,0.00000,block
2026-08-04T13:46:01.281Z,s_trend_33,IWM,6eb5cc58bd7e1fc0,2026-08-04T13:30Z,1.000,SKIP-cap,0.00000,0.00000,block
2026-08-04T13:46:01.281Z,s_trend_33,SPY,721ef985191eb560,2026-08-04T13:30Z,1.000,SKIP-cap,0.00000,0.00000,block
2026-08-04T13:46:01.281Z,s_cross_7_33,GOOGL,110ac98e4a67fdc6,2026-08-04T13:30Z,1.000,SKIP-cap,0.00000,0.00000,block
2026-08-04T13:46:01.281Z,s_cross_7_33,META,e110409a9bf353e6,2026-08-04T13:30Z,1.000,SKIP-cap,0.00000,0.00000,block
2026-08-04T13:46:01.281Z,s_cross_7_33,AMZN,d7dd10c5b893a66b,2026-08-04T13:30Z,1.000,SKIP-cap,0.00000,0.00000,block
2026-08-04T13:46:01.281Z,s_cross_7_33,MSFT,78ff706c1c4a00a2,2026-08-04T13:30Z,1.000,SKIP-cap,0.00000,0.00000,block
2026-08-04T13:46:01.281Z,s_cross_7_33,QQQ,1eebabac01c1cc16,2026-08-04T13:30Z,1.000,SKIP-cap,0.00000,0.00000,block
2026-08-04T13:46:01.281Z,s_cross_7_33,IWM,6eb5cc58bd7e1fc0,2026-08-04T13:30Z,1.000,SKIP-cap,0.00000,0.00000,block
2026-08-04T13:46:01.281Z,s_cross_7_33,SPY,721ef985191eb560,2026-08-04T13:30Z,1.000,SKIP-cap,0.00000,0.00000,block
2026-08-04T13:46:01.281Z,s_tsmom_21,GOOGL,110ac98e4a67fdc6,2026-08-04T13:30Z,1.000,SKIP-cap,0.00000,0.00000,block
2026-08-04T13:46:01.281Z,s_tsmom_21,META,e110409a9bf353e6,2026-08-04T13:30Z,1.000,SKIP-cap,0.00000,0.00000,block
2026-08-04T13:46:01.281Z,s_tsmom_21,AMZN,d7dd10c5b893a66b,2026-08-04T13:30Z,1.000,SKIP-cap,0.00000,0.00000,block
2026-08-04T13:46:01.281Z,s_tsmom_21,MSFT,78ff706c1c4a00a2,2026-08-04T13:30Z,1.000,SKIP-cap,0.00000,0.00000,block
2026-08-04T13:46:01.281Z,s_tsmom_21,QQQ,1eebabac01c1cc16,2026-08-04T13:30Z,1.000,SKIP-cap,0.00000,0.00000,block
2026-08-04T13:46:01.281Z,s_tsmom_21,IWM,6eb5cc58bd7e1fc0,2026-08-04T13:30Z,1.000,SKIP-cap,0.00000,0.00000,block
2026-08-04T13:46:01.281Z,s_tsmom_21,SPY,721ef985191eb560,2026-08-04T13:30Z,1.000,SKIP-cap,0.00000,0.00000,block
2026-08-04T13:46:01.281Z,s_macd_12_26,GOOGL,110ac98e4a67fdc6,2026-08-04T13:30Z,1.000,SKIP-cap,0.00000,0.00000,block
2026-08-04T13:46:01.281Z,s_macd_12_26,META,e110409a9bf353e6,2026-08-04T13:30Z,1.000,SKIP-cap,0.00000,0.00000,block
2026-08-04T13:46:01.281Z,s_macd_12_26,AMZN,d7dd10c5b893a66b,2026-08-04T13:30Z,1.000,SKIP-cap,0.00000,0.00000,block
2026-08-04T13:46:01.281Z,s_macd_12_26,AAPL,0356689ffa5d93c9,2026-08-04T13:30Z,1.000,SKIP-cap,0.00000,0.00000,block
2026-08-04T13:46:01.281Z,s_macd_12_26,IWM,6eb5cc58bd7e1fc0,2026-08-04T13:30Z,1.000,SKIP-cap,0.00000,0.00000,block
2026-08-04T13:46:01.281Z,s_macd_12_26,QQQ,1eebabac01c1cc16,2026-08-04T13:30Z,1.000,SKIP-cap,0.00000,0.00000,block
2026-08-04T13:46:01.281Z,s_macd_12_26,SPY,721ef985191eb560,2026-08-04T13:30Z,1.000,SKIP-cap,0.00000,0.00000,block
2026-08-04T13:46:01.281Z,s_donch_14_7,IWM,6eb5cc58bd7e1fc0,2026-08-04T13:30Z,1.000,SKIP-cap,0.00000,0.00000,block
2026-08-04T13:46:01.281Z,s_donch_14_7,QQQ,1eebabac01c1cc16,2026-08-04T13:30Z,1.000,SKIP-cap,0.00000,0.00000,block
2026-08-04T13:46:01.281Z,s_donch_14_7,SPY,721ef985191eb560,2026-08-04T13:30Z,1.000,SKIP-cap,0.00000,0.00000,block
2026-08-04T13:46:01.281Z,s_volbrk_7_33,IWM,6eb5cc58bd7e1fc0,2026-08-04T13:30Z,1.000,SKIP-cap,0.00000,0.00000,block
2026-08-04T13:46:01.281Z,s_volbrk_7_33,QQQ,1eebabac01c1cc16,2026-08-04T13:30Z,1.000,SKIP-cap,0.00000,0.00000,block
2026-08-04T13:46:01.281Z,s_volbrk_7_33,SPY,721ef985191eb560,2026-08-04T13:30Z,1.000,SKIP-cap,0.00000,0.00000,block
2026-08-04T13:46:01.281Z,s_calm_7_33,GOOGL,110ac98e4a67fdc6,2026-08-04T13:30Z,1.000,SKIP-cap,0.00000,0.00000,block
2026-08-04T13:46:01.281Z,s_calm_7_33,META,e110409a9bf353e6,2026-08-04T13:30Z,1.000,SKIP-cap,0.00000,0.00000,block
2026-08-04T13:46:01.281Z,s_calm_7_33,AMZN,d7dd10c5b893a66b,2026-08-04T13:30Z,1.000,SKIP-cap,0.00000,0.00000,block
2026-08-04T13:46:01.281Z,s_calm_7_33,AAPL,0356689ffa5d93c9,2026-08-04T13:30Z,1.000,SKIP-cap,0.00000,0.00000,block
2026-08-04T13:46:01.281Z,s_calm_7_33,MSFT,78ff706c1c4a00a2,2026-08-04T13:30Z,1.000,SKIP-cap,0.00000,0.00000,block
2026-08-04T13:46:01.281Z,s_calm_7_33,QQQ,1eebabac01c1cc16,2026-08-04T13:30Z,1.000,SKIP-cap,0.00000,0.00000,block
2026-08-04T13:46:01.281Z,s_calm_7_33,IWM,6eb5cc58bd7e1fc0,2026-08-04T13:30Z,1.000,SKIP-cap,0.00000,0.00000,block
2026-08-04T13:46:01.281Z,s_calm_7_33,SPY,721ef985191eb560,2026-08-04T13:30Z,1.000,SKIP-cap,0.00000,0.00000,block
2026-08-04T13:46:01.281Z,s_nearhi_33,GOOGL,110ac98e4a67fdc6,2026-08-04T13:30Z,1.000,SKIP-cap,0.00000,0.00000,block
2026-08-04T13:46:01.281Z,s_nearhi_33,META,e110409a9bf353e6,2026-08-04T13:30Z,1.000,SKIP-cap,0.00000,0.00000,block
2026-08-04T13:46:01.281Z,s_nearhi_33,AMZN,d7dd10c5b893a66b,2026-08-04T13:30Z,1.000,SKIP-cap,0.00000,0.00000,block
2026-08-04T13:46:01.281Z,s_nearhi_33,MSFT,78ff706c1c4a00a2,2026-08-04T13:30Z,1.000,SKIP-cap,0.00000,0.00000,block
2026-08-04T13:46:01.281Z,s_nearhi_33,IWM,6eb5cc58bd7e1fc0,2026-08-04T13:30Z,1.000,SKIP-cap,0.00000,0.00000,block
2026-08-04T13:46:01.281Z,s_nearhi_33,QQQ,1eebabac01c1cc16,2026-08-04T13:30Z,1.000,SKIP-cap,0.00000,0.00000,block
2026-08-04T13:46:01.281Z,s_nearhi_33,SPY,721ef985191eb560,2026-08-04T13:30Z,1.000,SKIP-cap,0.00000,0.00000,block
2026-08-04T14:47:05.414Z,s_trend_33,GOOGL,71b05396c6017183,2026-08-04T14:30Z,1.000,SKIP-cap,0.00000,0.00000,block
2026-08-04T14:47:05.414Z,s_trend_33,META,693f580964c600a8,2026-08-04T14:30Z,1.000,SKIP-cap,0.00000,0.00000,block
2026-08-04T14:47:05.414Z,s_trend_33,AMZN,cb9ab104d4371aa6,2026-08-04T14:30Z,1.000,SKIP-cap,0.00000,0.00000,block
2026-08-04T14:47:05.414Z,s_trend_33,MSFT,321054d9dcda7740,2026-08-04T14:30Z,1.000,SKIP-cap,0.00000,0.00000,block
2026-08-04T14:47:05.414Z,s_trend_33,QQQ,3007cbad3a41fd44,2026-08-04T14:30Z,1.000,SKIP-cap,0.00000,0.00000,block
2026-08-04T14:47:05.414Z,s_trend_33,IWM,72f507c01c5a07ef,2026-08-04T14:30Z,1.000,SKIP-cap,0.00000,0.00000,block
2026-08-04T14:47:05.414Z,s_trend_33,SPY,e66532783fec1640,2026-08-04T14:30Z,1.000,SKIP-cap,0.00000,0.00000,block
2026-08-04T14:47:05.414Z,s_cross_7_33,GOOGL,71b05396c6017183,2026-08-04T14:30Z,1.000,SKIP-cap,0.00000,0.00000,block
2026-08-04T14:47:05.414Z,s_cross_7_33,META,693f580964c600a8,2026-08-04T14:30Z,1.000,SKIP-cap,0.00000,0.00000,block
2026-08-04T14:47:05.414Z,s_cross_7_33,AMZN,cb9ab104d4371aa6,2026-08-04T14:30Z,1.000,SKIP-cap,0.00000,0.00000,block
2026-08-04T14:47:05.414Z,s_cross_7_33,MSFT,321054d9dcda7740,2026-08-04T14:30Z,1.000,SKIP-cap,0.00000,0.00000,block
2026-08-04T14:47:05.414Z,s_cross_7_33,QQQ,3007cbad3a41fd44,2026-08-04T14:30Z,1.000,SKIP-cap,0.00000,0.00000,block
2026-08-04T14:47:05.414Z,s_cross_7_33,IWM,72f507c01c5a07ef,2026-08-04T14:30Z,1.000,SKIP-cap,0.00000,0.00000,block
2026-08-04T14:47:05.414Z,s_cross_7_33,SPY,e66532783fec1640,2026-08-04T14:30Z,1.000,SKIP-cap,0.00000,0.00000,block
2026-08-04T14:47:05.414Z,s_tsmom_21,GOOGL,71b05396c6017183,2026-08-04T14:30Z,1.000,SKIP-cap,0.00000,0.00000,block
2026-08-04T14:47:05.414Z,s_tsmom_21,META,693f580964c600a8,2026-08-04T14:30Z,1.000,SKIP-cap,0.00000,0.00000,block
2026-08-04T14:47:05.414Z,s_tsmom_21,AMZN,cb9ab104d4371aa6,2026-08-04T14:30Z,1.000,SKIP-cap,0.00000,0.00000,block
2026-08-04T14:47:05.414Z,s_tsmom_21,MSFT,321054d9dcda7740,2026-08-04T14:30Z,1.000,SKIP-cap,0.00000,0.00000,block
2026-08-04T14:47:05.414Z,s_tsmom_21,QQQ,3007cbad3a41fd44,2026-08-04T14:30Z,1.000,SKIP-cap,0.00000,0.00000,block
2026-08-04T14:47:05.414Z,s_tsmom_21,IWM,72f507c01c5a07ef,2026-08-04T14:30Z,1.000,SKIP-cap,0.00000,0.00000,block
2026-08-04T14:47:05.414Z,s_tsmom_21,SPY,e66532783fec1640,2026-08-04T14:30Z,1.000,SKIP-cap,0.00000,0.00000,block
2026-08-04T14:47:05.414Z,s_macd_12_26,GOOGL,71b05396c6017183,2026-08-04T14:30Z,1.000,SKIP-cap,0.00000,0.00000,block
2026-08-04T14:47:05.414Z,s_macd_12_26,META,693f580964c600a8,2026-08-04T14:30Z,1.000,SKIP-cap,0.00000,0.00000,block
2026-08-04T14:47:05.414Z,s_macd_12_26,AAPL,85cd6f5d34d6a699,2026-08-04T14:30Z,1.000,SKIP-cap,0.00000,0.00000,block
2026-08-04T14:47:05.414Z,s_macd_12_26,MSFT,321054d9dcda7740,2026-08-04T14:30Z,1.000,SKIP-cap,0.00000,0.00000,block
2026-08-04T14:47:05.414Z,s_macd_12_26,IWM,72f507c01c5a07ef,2026-08-04T14:30Z,1.000,SKIP-cap,0.00000,0.00000,block
2026-08-04T14:47:05.414Z,s_macd_12_26,QQQ,3007cbad3a41fd44,2026-08-04T14:30Z,1.000,SKIP-cap,0.00000,0.00000,block
2026-08-04T14:47:05.414Z,s_macd_12_26,SPY,e66532783fec1640,2026-08-04T14:30Z,1.000,SKIP-cap,0.00000,0.00000,block
2026-08-04T14:47:05.414Z,s_donch_14_7,MSFT,321054d9dcda7740,2026-08-04T14:30Z,1.000,SKIP-cap,0.00000,0.00000,block
2026-08-04T14:47:05.414Z,s_donch_14_7,IWM,72f507c01c5a07ef,2026-08-04T14:30Z,1.000,SKIP-cap,0.00000,0.00000,block
2026-08-04T14:47:05.414Z,s_donch_14_7,SPY,e66532783fec1640,2026-08-04T14:30Z,1.000,SKIP-cap,0.00000,0.00000,block
2026-08-04T14:47:05.414Z,s_volbrk_7_33,MSFT,321054d9dcda7740,2026-08-04T14:30Z,1.000,SKIP-cap,0.00000,0.00000,block
2026-08-04T14:47:05.414Z,s_volbrk_7_33,IWM,72f507c01c5a07ef,2026-08-04T14:30Z,1.000,SKIP-cap,0.00000,0.00000,block
2026-08-04T14:47:05.414Z,s_volbrk_7_33,SPY,e66532783fec1640,2026-08-04T14:30Z,1.000,SKIP-cap,0.00000,0.00000,block
2026-08-04T14:47:05.414Z,s_calm_7_33,GOOGL,71b05396c6017183,2026-08-04T14:30Z,1.000,SKIP-cap,0.00000,0.00000,block
2026-08-04T14:47:05.414Z,s_calm_7_33,META,693f580964c600a8,2026-08-04T14:30Z,1.000,SKIP-cap,0.00000,0.00000,block
2026-08-04T14:47:05.414Z,s_calm_7_33,AMZN,cb9ab104d4371aa6,2026-08-04T14:30Z,1.000,SKIP-cap,0.00000,0.00000,block
2026-08-04T14:47:05.414Z,s_calm_7_33,AAPL,85cd6f5d34d6a699,2026-08-04T14:30Z,1.000,SKIP-cap,0.00000,0.00000,block
2026-08-04T14:47:05.414Z,s_calm_7_33,MSFT,321054d9dcda7740,2026-08-04T14:30Z,1.000,SKIP-cap,0.00000,0.00000,block
2026-08-04T14:47:05.414Z,s_calm_7_33,QQQ,3007cbad3a41fd44,2026-08-04T14:30Z,1.000,SKIP-cap,0.00000,0.00000,block
2026-08-04T14:47:05.414Z,s_calm_7_33,IWM,72f507c01c5a07ef,2026-08-04T14:30Z,1.000,SKIP-cap,0.00000,0.00000,block
2026-08-04T14:47:05.414Z,s_calm_7_33,SPY,e66532783fec1640,2026-08-04T14:30Z,1.000,SKIP-cap,0.00000,0.00000,block
2026-08-04T14:47:05.414Z,s_nearhi_33,GOOGL,71b05396c6017183,2026-08-04T14:30Z,1.000,SKIP-cap,0.00000,0.00000,block
2026-08-04T14:47:05.414Z,s_nearhi_33,META,693f580964c600a8,2026-08-04T14:30Z,1.000,SKIP-cap,0.00000,0.00000,block
2026-08-04T14:47:05.414Z,s_nearhi_33,AMZN,cb9ab104d4371aa6,2026-08-04T14:30Z,1.000,SKIP-cap,0.00000,0.00000,block
2026-08-04T14:47:05.414Z,s_nearhi_33,MSFT,321054d9dcda7740,2026-08-04T14:30Z,1.000,SKIP-cap,0.00000,0.00000,block
2026-08-04T14:47:05.414Z,s_nearhi_33,IWM,72f507c01c5a07ef,2026-08-04T14:30Z,1.000,SKIP-cap,0.00000,0.00000,block
2026-08-04T14:47:05.414Z,s_nearhi_33,QQQ,3007cbad3a41fd44,2026-08-04T14:30Z,1.000,SKIP-cap,0.00000,0.00000,block
2026-08-04T14:47:05.414Z,s_nearhi_33,SPY,e66532783fec1640,2026-08-04T14:30Z,1.000,SKIP-cap,0.00000,0.00000,block
2026-08-04T15:48:04.172Z,s_trend_33,GOOGL,f2aa3fa758323d73,2026-08-04T15:30Z,1.000,SKIP-cap,0.00000,0.00000,block
2026-08-04T15:48:04.172Z,s_trend_33,META,bbd2af6cfb3d193e,2026-08-04T15:30Z,1.000,SKIP-cap,0.00000,0.00000,block
2026-08-04T15:48:04.172Z,s_trend_33,AMZN,533fedbe2f4eb205,2026-08-04T15:30Z,1.000,SKIP-cap,0.00000,0.00000,block
2026-08-04T15:48:04.172Z,s_trend_33,MSFT,ff4bd09d767bee03,2026-08-04T15:30Z,1.000,SKIP-cap,0.00000,0.00000,block
2026-08-04T15:48:04.172Z,s_trend_33,QQQ,c1599fee2f6ab6bf,2026-08-04T15:30Z,1.000,SKIP-cap,0.00000,0.00000,block
2026-08-04T15:48:04.172Z,s_trend_33,IWM,b13a86e42c297a0e,2026-08-04T15:30Z,1.000,SKIP-cap,0.00000,0.00000,block
2026-08-04T15:48:04.172Z,s_trend_33,SPY,e4ffd6d5db51d63e,2026-08-04T15:30Z,1.000,SKIP-cap,0.00000,0.00000,block
2026-08-04T15:48:04.172Z,s_cross_7_33,GOOGL,f2aa3fa758323d73,2026-08-04T15:30Z,1.000,SKIP-cap,0.00000,0.00000,block
2026-08-04T15:48:04.172Z,s_cross_7_33,META,bbd2af6cfb3d193e,2026-08-04T15:30Z,1.000,SKIP-cap,0.00000,0.00000,block
2026-08-04T15:48:04.172Z,s_cross_7_33,AMZN,533fedbe2f4eb205,2026-08-04T15:30Z,1.000,SKIP-cap,0.00000,0.00000,block
2026-08-04T15:48:04.172Z,s_cross_7_33,MSFT,ff4bd09d767bee03,2026-08-04T15:30Z,1.000,SKIP-cap,0.00000,0.00000,block
2026-08-04T15:48:04.172Z,s_cross_7_33,QQQ,c1599fee2f6ab6bf,2026-08-04T15:30Z,1.000,SKIP-cap,0.00000,0.00000,block
2026-08-04T15:48:04.172Z,s_cross_7_33,IWM,b13a86e42c297a0e,2026-08-04T15:30Z,1.000,SKIP-cap,0.00000,0.00000,block
2026-08-04T15:48:04.172Z,s_cross_7_33,SPY,e4ffd6d5db51d63e,2026-08-04T15:30Z,1.000,SKIP-cap,0.00000,0.00000,block
2026-08-04T15:48:04.172Z,s_tsmom_21,GOOGL,f2aa3fa758323d73,2026-08-04T15:30Z,1.000,SKIP-cap,0.00000,0.00000,block
2026-08-04T15:48:04.172Z,s_tsmom_21,META,bbd2af6cfb3d193e,2026-08-04T15:30Z,1.000,SKIP-cap,0.00000,0.00000,block
2026-08-04T15:48:04.172Z,s_tsmom_21,AMZN,533fedbe2f4eb205,2026-08-04T15:30Z,1.000,SKIP-cap,0.00000,0.00000,block
2026-08-04T15:48:04.172Z,s_tsmom_21,MSFT,ff4bd09d767bee03,2026-08-04T15:30Z,1.000,SKIP-cap,0.00000,0.00000,block
2026-08-04T15:48:04.172Z,s_tsmom_21,QQQ,c1599fee2f6ab6bf,2026-08-04T15:30Z,1.000,SKIP-cap,0.00000,0.00000,block
2026-08-04T15:48:04.172Z,s_tsmom_21,IWM,b13a86e42c297a0e,2026-08-04T15:30Z,1.000,SKIP-cap,0.00000,0.00000,block
2026-08-04T15:48:04.172Z,s_tsmom_21,SPY,e4ffd6d5db51d63e,2026-08-04T15:30Z,1.000,SKIP-cap,0.00000,0.00000,block
2026-08-04T15:48:04.172Z,s_macd_12_26,GOOGL,f2aa3fa758323d73,2026-08-04T15:30Z,1.000,SKIP-cap,0.00000,0.00000,block
2026-08-04T15:48:04.172Z,s_macd_12_26,META,bbd2af6cfb3d193e,2026-08-04T15:30Z,1.000,SKIP-cap,0.00000,0.00000,block
2026-08-04T15:48:04.172Z,s_macd_12_26,AAPL,96d961bfb4882a49,2026-08-04T15:30Z,1.000,SKIP-cap,0.00000,0.00000,block
2026-08-04T15:48:04.172Z,s_macd_12_26,IWM,b13a86e42c297a0e,2026-08-04T15:30Z,1.000,SKIP-cap,0.00000,0.00000,block
2026-08-04T15:48:04.172Z,s_macd_12_26,QQQ,c1599fee2f6ab6bf,2026-08-04T15:30Z,1.000,SKIP-cap,0.00000,0.00000,block
2026-08-04T15:48:04.172Z,s_macd_12_26,SPY,e4ffd6d5db51d63e,2026-08-04T15:30Z,1.000,SKIP-cap,0.00000,0.00000,block
2026-08-04T15:48:04.172Z,s_donch_14_7,IWM,b13a86e42c297a0e,2026-08-04T15:30Z,1.000,SKIP-cap,0.00000,0.00000,block
2026-08-04T15:48:04.172Z,s_donch_14_7,QQQ,c1599fee2f6ab6bf,2026-08-04T15:30Z,1.000,SKIP-cap,0.00000,0.00000,block
2026-08-04T15:48:04.172Z,s_donch_14_7,SPY,e4ffd6d5db51d63e,2026-08-04T15:30Z,1.000,SKIP-cap,0.00000,0.00000,block
2026-08-04T15:48:04.172Z,s_volbrk_7_33,IWM,b13a86e42c297a0e,2026-08-04T15:30Z,1.000,SKIP-cap,0.00000,0.00000,block
2026-08-04T15:48:04.172Z,s_volbrk_7_33,QQQ,c1599fee2f6ab6bf,2026-08-04T15:30Z,1.000,SKIP-cap,0.00000,0.00000,block
2026-08-04T15:48:04.172Z,s_volbrk_7_33,SPY,e4ffd6d5db51d63e,2026-08-04T15:30Z,1.000,SKIP-cap,0.00000,0.00000,block
2026-08-04T15:48:04.172Z,s_calm_7_33,GOOGL,f2aa3fa758323d73,2026-08-04T15:30Z,1.000,SKIP-cap,0.00000,0.00000,block
2026-08-04T15:48:04.172Z,s_calm_7_33,META,bbd2af6cfb3d193e,2026-08-04T15:30Z,1.000,SKIP-cap,0.00000,0.00000,block
2026-08-04T15:48:04.172Z,s_calm_7_33,AMZN,533fedbe2f4eb205,2026-08-04T15:30Z,1.000,SKIP-cap,0.00000,0.00000,block
2026-08-04T15:48:04.172Z,s_calm_7_33,AAPL,96d961bfb4882a49,2026-08-04T15:30Z,1.000,SKIP-cap,0.00000,0.00000,block
2026-08-04T15:48:04.172Z,s_calm_7_33,MSFT,ff4bd09d767bee03,2026-08-04T15:30Z,1.000,SKIP-cap,0.00000,0.00000,block
2026-08-04T15:48:04.172Z,s_calm_7_33,QQQ,c1599fee2f6ab6bf,2026-08-04T15:30Z,1.000,SKIP-cap,0.00000,0.00000,block
2026-08-04T15:48:04.172Z,s_calm_7_33,IWM,b13a86e42c297a0e,2026-08-04T15:30Z,1.000,SKIP-cap,0.00000,0.00000,block
2026-08-04T15:48:04.172Z,s_calm_7_33,SPY,e4ffd6d5db51d63e,2026-08-04T15:30Z,1.000,SKIP-cap,0.00000,0.00000,block
2026-08-04T15:48:04.172Z,s_nearhi_33,GOOGL,f2aa3fa758323d73,2026-08-04T15:30Z,1.000,SKIP-cap,0.00000,0.00000,block
2026-08-04T15:48:04.172Z,s_nearhi_33,META,bbd2af6cfb3d193e,2026-08-04T15:30Z,1.000,SKIP-cap,0.00000,0.00000,block
2026-08-04T15:48:04.172Z,s_nearhi_33,AMZN,533fedbe2f4eb205,2026-08-04T15:30Z,1.000,SKIP-cap,0.00000,0.00000,block
2026-08-04T15:48:04.172Z,s_nearhi_33,MSFT,ff4bd09d767bee03,2026-08-04T15:30Z,1.000,SKIP-cap,0.00000,0.00000,block
2026-08-04T15:48:04.172Z,s_nearhi_33,IWM,b13a86e42c297a0e,2026-08-04T15:30Z,1.000,SKIP-cap,0.00000,0.00000,block
2026-08-04T15:48:04.172Z,s_nearhi_33,QQQ,c1599fee2f6ab6bf,2026-08-04T15:30Z,1.000,SKIP-cap,0.00000,0.00000,block
2026-08-04T15:48:04.172Z,s_nearhi_33,SPY,e4ffd6d5db51d63e,2026-08-04T15:30Z,1.000,SKIP-cap,0.00000,0.00000,block
2026-08-04T16:49:05.595Z,s_trend_33,GOOGL,3be72dae92865347,2026-08-04T16:30Z,1.000,SKIP-cap,0.00000,0.00000,block
2026-08-04T16:49:05.595Z,s_trend_33,META,3bed86ff7afacfd5,2026-08-04T16:30Z,1.000,SKIP-cap,0.00000,0.00000,block
2026-08-04T16:49:05.595Z,s_trend_33,AMZN,11943fdc23cfab81,2026-08-04T16:30Z,1.000,SKIP-cap,0.00000,0.00000,block
2026-08-04T16:49:05.595Z,s_trend_33,MSFT,48e30555da8abad7,2026-08-04T16:30Z,1.000,SKIP-cap,0.00000,0.00000,block
2026-08-04T16:49:05.595Z,s_trend_33,QQQ,f72e5065589bd20b,2026-08-04T16:30Z,1.000,SKIP-cap,0.00000,0.00000,block
2026-08-04T16:49:05.595Z,s_trend_33,IWM,4131f71b482462ca,2026-08-04T16:30Z,1.000,SKIP-cap,0.00000,0.00000,block
2026-08-04T16:49:05.595Z,s_trend_33,SPY,147f3223242265f7,2026-08-04T16:30Z,1.000,SKIP-cap,0.00000,0.00000,block
2026-08-04T16:49:05.595Z,s_cross_7_33,GOOGL,3be72dae92865347,2026-08-04T16:30Z,1.000,SKIP-cap,0.00000,0.00000,block
2026-08-04T16:49:05.595Z,s_cross_7_33,META,3bed86ff7afacfd5,2026-08-04T16:30Z,1.000,SKIP-cap,0.00000,0.00000,block
2026-08-04T16:49:05.595Z,s_cross_7_33,AMZN,11943fdc23cfab81,2026-08-04T16:30Z,1.000,SKIP-cap,0.00000,0.00000,block
2026-08-04T16:49:05.595Z,s_cross_7_33,MSFT,48e30555da8abad7,2026-08-04T16:30Z,1.000,SKIP-cap,0.00000,0.00000,block
2026-08-04T16:49:05.595Z,s_cross_7_33,QQQ,f72e5065589bd20b,2026-08-04T16:30Z,1.000,SKIP-cap,0.00000,0.00000,block
2026-08-04T16:49:05.595Z,s_cross_7_33,IWM,4131f71b482462ca,2026-08-04T16:30Z,1.000,SKIP-cap,0.00000,0.00000,block
2026-08-04T16:49:05.595Z,s_cross_7_33,SPY,147f3223242265f7,2026-08-04T16:30Z,1.000,SKIP-cap,0.00000,0.00000,block
2026-08-04T16:49:05.595Z,s_tsmom_21,GOOGL,3be72dae92865347,2026-08-04T16:30Z,1.000,SKIP-cap,0.00000,0.00000,block
2026-08-04T16:49:05.595Z,s_tsmom_21,META,3bed86ff7afacfd5,2026-08-04T16:30Z,1.000,SKIP-cap,0.00000,0.00000,block
2026-08-04T16:49:05.595Z,s_tsmom_21,AMZN,11943fdc23cfab81,2026-08-04T16:30Z,1.000,SKIP-cap,0.00000,0.00000,block
2026-08-04T16:49:05.595Z,s_tsmom_21,MSFT,48e30555da8abad7,2026-08-04T16:30Z,1.000,SKIP-cap,0.00000,0.00000,block
2026-08-04T16:49:05.595Z,s_tsmom_21,QQQ,f72e5065589bd20b,2026-08-04T16:30Z,1.000,SKIP-cap,0.00000,0.00000,block
2026-08-04T16:49:05.595Z,s_tsmom_21,IWM,4131f71b482462ca,2026-08-04T16:30Z,1.000,SKIP-cap,0.00000,0.00000,block
2026-08-04T16:49:05.595Z,s_tsmom_21,SPY,147f3223242265f7,2026-08-04T16:30Z,1.000,SKIP-cap,0.00000,0.00000,block
2026-08-04T16:49:05.595Z,s_macd_12_26,GOOGL,3be72dae92865347,2026-08-04T16:30Z,1.000,SKIP-cap,0.00000,0.00000,block
2026-08-04T16:49:05.595Z,s_macd_12_26,META,3bed86ff7afacfd5,2026-08-04T16:30Z,1.000,SKIP-cap,0.00000,0.00000,block
2026-08-04T16:49:05.595Z,s_macd_12_26,AAPL,629214d4cbb4b7f2,2026-08-04T16:30Z,1.000,SKIP-cap,0.00000,0.00000,block
2026-08-04T16:49:05.595Z,s_macd_12_26,IWM,4131f71b482462ca,2026-08-04T16:30Z,1.000,SKIP-cap,0.00000,0.00000,block
2026-08-04T16:49:05.595Z,s_macd_12_26,QQQ,f72e5065589bd20b,2026-08-04T16:30Z,1.000,SKIP-cap,0.00000,0.00000,block
2026-08-04T16:49:05.595Z,s_macd_12_26,SPY,147f3223242265f7,2026-08-04T16:30Z,1.000,SKIP-cap,0.00000,0.00000,block
2026-08-04T16:49:05.595Z,s_donch_14_7,GOOGL,3be72dae92865347,2026-08-04T16:30Z,1.000,SKIP-cap,0.00000,0.00000,block
2026-08-04T16:49:05.595Z,s_donch_14_7,IWM,4131f71b482462ca,2026-08-04T16:30Z,1.000,SKIP-cap,0.00000,0.00000,block
2026-08-04T16:49:05.595Z,s_donch_14_7,QQQ,f72e5065589bd20b,2026-08-04T16:30Z,1.000,SKIP-cap,0.00000,0.00000,block
2026-08-04T16:49:05.595Z,s_donch_14_7,SPY,147f3223242265f7,2026-08-04T16:30Z,1.000,SKIP-cap,0.00000,0.00000,block
2026-08-04T16:49:05.595Z,s_volbrk_7_33,GOOGL,3be72dae92865347,2026-08-04T16:30Z,1.000,SKIP-cap,0.00000,0.00000,block
2026-08-04T16:49:05.595Z,s_volbrk_7_33,AAPL,629214d4cbb4b7f2,2026-08-04T16:30Z,1.000,SKIP-cap,0.00000,0.00000,block
2026-08-04T16:49:05.595Z,s_volbrk_7_33,IWM,4131f71b482462ca,2026-08-04T16:30Z,1.000,SKIP-cap,0.00000,0.00000,block
2026-08-04T16:49:05.595Z,s_volbrk_7_33,QQQ,f72e5065589bd20b,2026-08-04T16:30Z,1.000,SKIP-cap,0.00000,0.00000,block
2026-08-04T16:49:05.595Z,s_volbrk_7_33,SPY,147f3223242265f7,2026-08-04T16:30Z,1.000,SKIP-cap,0.00000,0.00000,block
2026-08-04T16:49:05.595Z,s_calm_7_33,GOOGL,3be72dae92865347,2026-08-04T16:30Z,1.000,SKIP-cap,0.00000,0.00000,block
2026-08-04T16:49:05.595Z,s_calm_7_33,META,3bed86ff7afacfd5,2026-08-04T16:30Z,1.000,SKIP-cap,0.00000,0.00000,block
2026-08-04T16:49:05.595Z,s_calm_7_33,AMZN,11943fdc23cfab81,2026-08-04T16:30Z,1.000,SKIP-cap,0.00000,0.00000,block
2026-08-04T16:49:05.595Z,s_calm_7_33,AAPL,629214d4cbb4b7f2,2026-08-04T16:30Z,1.000,SKIP-cap,0.00000,0.00000,block
2026-08-04T16:49:05.595Z,s_calm_7_33,MSFT,48e30555da8abad7,2026-08-04T16:30Z,1.000,SKIP-cap,0.00000,0.00000,block
2026-08-04T16:49:05.595Z,s_calm_7_33,QQQ,f72e5065589bd20b,2026-08-04T16:30Z,1.000,SKIP-cap,0.00000,0.00000,block
2026-08-04T16:49:05.595Z,s_calm_7_33,IWM,4131f71b482462ca,2026-08-04T16:30Z,1.000,SKIP-cap,0.00000,0.00000,block
2026-08-04T16:49:05.595Z,s_calm_7_33,SPY,147f3223242265f7,2026-08-04T16:30Z,1.000,SKIP-cap,0.00000,0.00000,block
2026-08-04T16:49:05.595Z,s_nearhi_33,GOOGL,3be72dae92865347,2026-08-04T16:30Z,1.000,SKIP-cap,0.00000,0.00000,block
2026-08-04T16:49:05.595Z,s_nearhi_33,META,3bed86ff7afacfd5,2026-08-04T16:30Z,1.000,SKIP-cap,0.00000,0.00000,block
2026-08-04T16:49:05.595Z,s_nearhi_33,AMZN,11943fdc23cfab81,2026-08-04T16:30Z,1.000,SKIP-cap,0.00000,0.00000,block
2026-08-04T16:49:05.595Z,s_nearhi_33,MSFT,48e30555da8abad7,2026-08-04T16:30Z,1.000,SKIP-cap,0.00000,0.00000,block
2026-08-04T16:49:05.595Z,s_nearhi_33,IWM,4131f71b482462ca,2026-08-04T16:30Z,1.000,SKIP-cap,0.00000,0.00000,block
2026-08-04T16:49:05.595Z,s_nearhi_33,QQQ,f72e5065589bd20b,2026-08-04T16:30Z,1.000,SKIP-cap,0.00000,0.00000,block
2026-08-04T16:49:05.595Z,s_nearhi_33,SPY,147f3223242265f7,2026-08-04T16:30Z,1.000,SKIP-cap,0.00000,0.00000,block
2026-08-04T17:50:04.348Z,s_trend_33,GOOGL,f5fc6fabd3e4467b,2026-08-04T17:30Z,1.000,SKIP-cap,0.00000,0.00000,block
2026-08-04T17:50:04.348Z,s_trend_33,META,a1b2d3cc139e5236,2026-08-04T17:30Z,1.000,SKIP-cap,0.00000,0.00000,block
2026-08-04T17:50:04.348Z,s_trend_33,AMZN,de5d1064a4949fc0,2026-08-04T17:30Z,1.000,SKIP-cap,0.00000,0.00000,block
2026-08-04T17:50:04.348Z,s_trend_33,MSFT,feaf4de7a151df17,2026-08-04T17:30Z,1.000,SKIP-cap,0.00000,0.00000,block
2026-08-04T17:50:04.348Z,s_trend_33,QQQ,3cba55154d8f0e0b,2026-08-04T17:30Z,1.000,SKIP-cap,0.00000,0.00000,block
2026-08-04T17:50:04.348Z,s_trend_33,IWM,17dbb4b9b0d416d8,2026-08-04T17:30Z,1.000,SKIP-cap,0.00000,0.00000,block
2026-08-04T17:50:04.348Z,s_trend_33,SPY,70a017c83cc284d9,2026-08-04T17:30Z,1.000,SKIP-cap,0.00000,0.00000,block
2026-08-04T17:50:04.348Z,s_cross_7_33,GOOGL,f5fc6fabd3e4467b,2026-08-04T17:30Z,1.000,SKIP-cap,0.00000,0.00000,block
2026-08-04T17:50:04.348Z,s_cross_7_33,META,a1b2d3cc139e5236,2026-08-04T17:30Z,1.000,SKIP-cap,0.00000,0.00000,block
2026-08-04T17:50:04.348Z,s_cross_7_33,AMZN,de5d1064a4949fc0,2026-08-04T17:30Z,1.000,SKIP-cap,0.00000,0.00000,block
2026-08-04T17:50:04.348Z,s_cross_7_33,MSFT,feaf4de7a151df17,2026-08-04T17:30Z,1.000,SKIP-cap,0.00000,0.00000,block
2026-08-04T17:50:04.348Z,s_cross_7_33,QQQ,3cba55154d8f0e0b,2026-08-04T17:30Z,1.000,SKIP-cap,0.00000,0.00000,block
2026-08-04T17:50:04.348Z,s_cross_7_33,IWM,17dbb4b9b0d416d8,2026-08-04T17:30Z,1.000,SKIP-cap,0.00000,0.00000,block
2026-08-04T17:50:04.348Z,s_cross_7_33,SPY,70a017c83cc284d9,2026-08-04T17:30Z,1.000,SKIP-cap,0.00000,0.00000,block
2026-08-04T17:50:04.348Z,s_tsmom_21,GOOGL,f5fc6fabd3e4467b,2026-08-04T17:30Z,1.000,SKIP-cap,0.00000,0.00000,block
2026-08-04T17:50:04.348Z,s_tsmom_21,META,a1b2d3cc139e5236,2026-08-04T17:30Z,1.000,SKIP-cap,0.00000,0.00000,block
2026-08-04T17:50:04.348Z,s_tsmom_21,AMZN,de5d1064a4949fc0,2026-08-04T17:30Z,1.000,SKIP-cap,0.00000,0.00000,block
2026-08-04T17:50:04.348Z,s_tsmom_21,MSFT,feaf4de7a151df17,2026-08-04T17:30Z,1.000,SKIP-cap,0.00000,0.00000,block
2026-08-04T17:50:04.348Z,s_tsmom_21,QQQ,3cba55154d8f0e0b,2026-08-04T17:30Z,1.000,SKIP-cap,0.00000,0.00000,block
2026-08-04T17:50:04.348Z,s_tsmom_21,IWM,17dbb4b9b0d416d8,2026-08-04T17:30Z,1.000,SKIP-cap,0.00000,0.00000,block
2026-08-04T17:50:04.348Z,s_tsmom_21,SPY,70a017c83cc284d9,2026-08-04T17:30Z,1.000,SKIP-cap,0.00000,0.00000,block
2026-08-04T17:50:04.348Z,s_macd_12_26,GOOGL,f5fc6fabd3e4467b,2026-08-04T17:30Z,1.000,SKIP-cap,0.00000,0.00000,block
2026-08-04T17:50:04.348Z,s_macd_12_26,META,a1b2d3cc139e5236,2026-08-04T17:30Z,1.000,SKIP-cap,0.00000,0.00000,block
2026-08-04T17:50:04.348Z,s_macd_12_26,AAPL,58bf47d57e5ee11b,2026-08-04T17:30Z,1.000,SKIP-cap,0.00000,0.00000,block
2026-08-04T17:50:04.348Z,s_macd_12_26,IWM,17dbb4b9b0d416d8,2026-08-04T17:30Z,1.000,SKIP-cap,0.00000,0.00000,block
2026-08-04T17:50:04.348Z,s_macd_12_26,QQQ,3cba55154d8f0e0b,2026-08-04T17:30Z,1.000,SKIP-cap,0.00000,0.00000,block
2026-08-04T17:50:04.348Z,s_macd_12_26,SPY,70a017c83cc284d9,2026-08-04T17:30Z,1.000,SKIP-cap,0.00000,0.00000,block
2026-08-04T17:50:04.348Z,s_donch_14_7,GOOGL,f5fc6fabd3e4467b,2026-08-04T17:30Z,1.000,SKIP-cap,0.00000,0.00000,block
2026-08-04T17:50:04.348Z,s_donch_14_7,AAPL,58bf47d57e5ee11b,2026-08-04T17:30Z,1.000,SKIP-cap,0.00000,0.00000,block
2026-08-04T17:50:04.348Z,s_donch_14_7,IWM,17dbb4b9b0d416d8,2026-08-04T17:30Z,1.000,SKIP-cap,0.00000,0.00000,block
2026-08-04T17:50:04.348Z,s_donch_14_7,QQQ,3cba55154d8f0e0b,2026-08-04T17:30Z,1.000,SKIP-cap,0.00000,0.00000,block
2026-08-04T17:50:04.348Z,s_donch_14_7,SPY,70a017c83cc284d9,2026-08-04T17:30Z,1.000,SKIP-cap,0.00000,0.00000,block
2026-08-04T17:50:04.348Z,s_volbrk_7_33,GOOGL,f5fc6fabd3e4467b,2026-08-04T17:30Z,1.000,SKIP-cap,0.00000,0.00000,block
2026-08-04T17:50:04.348Z,s_volbrk_7_33,AAPL,58bf47d57e5ee11b,2026-08-04T17:30Z,1.000,SKIP-cap,0.00000,0.00000,block
2026-08-04T17:50:04.348Z,s_volbrk_7_33,IWM,17dbb4b9b0d416d8,2026-08-04T17:30Z,1.000,SKIP-cap,0.00000,0.00000,block
2026-08-04T17:50:04.348Z,s_volbrk_7_33,QQQ,3cba55154d8f0e0b,2026-08-04T17:30Z,1.000,SKIP-cap,0.00000,0.00000,block
2026-08-04T17:50:04.348Z,s_volbrk_7_33,SPY,70a017c83cc284d9,2026-08-04T17:30Z,1.000,SKIP-cap,0.00000,0.00000,block
2026-08-04T17:50:04.348Z,s_calm_7_33,GOOGL,f5fc6fabd3e4467b,2026-08-04T17:30Z,1.000,SKIP-cap,0.00000,0.00000,block
2026-08-04T17:50:04.348Z,s_calm_7_33,META,a1b2d3cc139e5236,2026-08-04T17:30Z,1.000,SKIP-cap,0.00000,0.00000,block
2026-08-04T17:50:04.348Z,s_calm_7_33,AMZN,de5d1064a4949fc0,2026-08-04T17:30Z,1.000,SKIP-cap,0.00000,0.00000,block
2026-08-04T17:50:04.348Z,s_calm_7_33,AAPL,58bf47d57e5ee11b,2026-08-04T17:30Z,1.000,SKIP-cap,0.00000,0.00000,block
2026-08-04T17:50:04.348Z,s_calm_7_33,MSFT,feaf4de7a151df17,2026-08-04T17:30Z,1.000,SKIP-cap,0.00000,0.00000,block
2026-08-04T17:50:04.348Z,s_calm_7_33,QQQ,3cba55154d8f0e0b,2026-08-04T17:30Z,1.000,SKIP-cap,0.00000,0.00000,block
2026-08-04T17:50:04.348Z,s_calm_7_33,IWM,17dbb4b9b0d416d8,2026-08-04T17:30Z,1.000,SKIP-cap,0.00000,0.00000,block
2026-08-04T17:50:04.348Z,s_calm_7_33,SPY,70a017c83cc284d9,2026-08-04T17:30Z,1.000,SKIP-cap,0.00000,0.00000,block
2026-08-04T17:50:04.348Z,s_nearhi_33,GOOGL,f5fc6fabd3e4467b,2026-08-04T17:30Z,1.000,SKIP-cap,0.00000,0.00000,block
2026-08-04T17:50:04.348Z,s_nearhi_33,META,a1b2d3cc139e5236,2026-08-04T17:30Z,1.000,SKIP-cap,0.00000,0.00000,block
2026-08-04T17:50:04.348Z,s_nearhi_33,AMZN,de5d1064a4949fc0,2026-08-04T17:30Z,1.000,SKIP-cap,0.00000,0.00000,block
2026-08-04T17:50:04.348Z,s_nearhi_33,MSFT,feaf4de7a151df17,2026-08-04T17:30Z,1.000,SKIP-cap,0.00000,0.00000,block
2026-08-04T17:50:04.348Z,s_nearhi_33,IWM,17dbb4b9b0d416d8,2026-08-04T17:30Z,1.000,SKIP-cap,0.00000,0.00000,block
2026-08-04T17:50:04.348Z,s_nearhi_33,QQQ,3cba55154d8f0e0b,2026-08-04T17:30Z,1.000,SKIP-cap,0.00000,0.00000,block
2026-08-04T17:50:04.348Z,s_nearhi_33,SPY,70a017c83cc284d9,2026-08-04T17:30Z,1.000,SKIP-cap,0.00000,0.00000,block
2026-08-04T18:51:02.671Z,s_trend_33,GOOGL,0348eb43f7d75fa5,2026-08-04T18:30Z,1.000,SKIP-cap,0.00000,0.00000,block
2026-08-04T18:51:02.671Z,s_trend_33,META,3d66199b540f184f,2026-08-04T18:30Z,1.000,SKIP-cap,0.00000,0.00000,block
2026-08-04T18:51:02.671Z,s_trend_33,AMZN,5bcacbfc5539751d,2026-08-04T18:30Z,1.000,SKIP-cap,0.00000,0.00000,block
2026-08-04T18:51:02.671Z,s_trend_33,MSFT,4f9fb41591d9db32,2026-08-04T18:30Z,1.000,SKIP-cap,0.00000,0.00000,block
2026-08-04T18:51:02.671Z,s_trend_33,QQQ,51f3b7f6a356d583,2026-08-04T18:30Z,1.000,SKIP-cap,0.00000,0.00000,block
2026-08-04T18:51:02.671Z,s_trend_33,IWM,c1da9e41f87aa0ec,2026-08-04T18:30Z,1.000,SKIP-cap,0.00000,0.00000,block
2026-08-04T18:51:02.671Z,s_trend_33,SPY,3948604ee6030df0,2026-08-04T18:30Z,1.000,SKIP-cap,0.00000,0.00000,block
2026-08-04T18:51:02.671Z,s_cross_7_33,GOOGL,0348eb43f7d75fa5,2026-08-04T18:30Z,1.000,SKIP-cap,0.00000,0.00000,block
2026-08-04T18:51:02.671Z,s_cross_7_33,META,3d66199b540f184f,2026-08-04T18:30Z,1.000,SKIP-cap,0.00000,0.00000,block
2026-08-04T18:51:02.671Z,s_cross_7_33,AMZN,5bcacbfc5539751d,2026-08-04T18:30Z,1.000,SKIP-cap,0.00000,0.00000,block
2026-08-04T18:51:02.671Z,s_cross_7_33,MSFT,4f9fb41591d9db32,2026-08-04T18:30Z,1.000,SKIP-cap,0.00000,0.00000,block
2026-08-04T18:51:02.671Z,s_cross_7_33,QQQ,51f3b7f6a356d583,2026-08-04T18:30Z,1.000,SKIP-cap,0.00000,0.00000,block
2026-08-04T18:51:02.671Z,s_cross_7_33,IWM,c1da9e41f87aa0ec,2026-08-04T18:30Z,1.000,SKIP-cap,0.00000,0.00000,block
2026-08-04T18:51:02.671Z,s_cross_7_33,SPY,3948604ee6030df0,2026-08-04T18:30Z,1.000,SKIP-cap,0.00000,0.00000,block
2026-08-04T18:51:02.671Z,s_tsmom_21,GOOGL,0348eb43f7d75fa5,2026-08-04T18:30Z,1.000,SKIP-cap,0.00000,0.00000,block
2026-08-04T18:51:02.671Z,s_tsmom_21,META,3d66199b540f184f,2026-08-04T18:30Z,1.000,SKIP-cap,0.00000,0.00000,block
2026-08-04T18:51:02.671Z,s_tsmom_21,AMZN,5bcacbfc5539751d,2026-08-04T18:30Z,1.000,SKIP-cap,0.00000,0.00000,block
2026-08-04T18:51:02.671Z,s_tsmom_21,MSFT,4f9fb41591d9db32,2026-08-04T18:30Z,1.000,SKIP-cap,0.00000,0.00000,block
2026-08-04T18:51:02.671Z,s_tsmom_21,QQQ,51f3b7f6a356d583,2026-08-04T18:30Z,1.000,SKIP-cap,0.00000,0.00000,block
2026-08-04T18:51:02.671Z,s_tsmom_21,IWM,c1da9e41f87aa0ec,2026-08-04T18:30Z,1.000,SKIP-cap,0.00000,0.00000,block
2026-08-04T18:51:02.671Z,s_tsmom_21,SPY,3948604ee6030df0,2026-08-04T18:30Z,1.000,SKIP-cap,0.00000,0.00000,block
2026-08-04T18:51:02.671Z,s_macd_12_26,GOOGL,0348eb43f7d75fa5,2026-08-04T18:30Z,1.000,SKIP-cap,0.00000,0.00000,block
2026-08-04T18:51:02.671Z,s_macd_12_26,META,3d66199b540f184f,2026-08-04T18:30Z,1.000,SKIP-cap,0.00000,0.00000,block
2026-08-04T18:51:02.671Z,s_macd_12_26,AAPL,c083f9939fc2aa76,2026-08-04T18:30Z,1.000,SKIP-cap,0.00000,0.00000,block
2026-08-04T18:51:02.671Z,s_macd_12_26,IWM,c1da9e41f87aa0ec,2026-08-04T18:30Z,1.000,SKIP-cap,0.00000,0.00000,block
2026-08-04T18:51:02.671Z,s_macd_12_26,QQQ,51f3b7f6a356d583,2026-08-04T18:30Z,1.000,SKIP-cap,0.00000,0.00000,block
2026-08-04T18:51:02.671Z,s_macd_12_26,SPY,3948604ee6030df0,2026-08-04T18:30Z,1.000,SKIP-cap,0.00000,0.00000,block
2026-08-04T18:51:02.671Z,s_donch_14_7,QQQ,51f3b7f6a356d583,2026-08-04T18:30Z,1.000,SKIP-cap,0.00000,0.00000,block
2026-08-04T18:51:02.671Z,s_volbrk_7_33,QQQ,51f3b7f6a356d583,2026-08-04T18:30Z,1.000,SKIP-cap,0.00000,0.00000,block
2026-08-04T18:51:02.671Z,s_calm_7_33,GOOGL,0348eb43f7d75fa5,2026-08-04T18:30Z,1.000,SKIP-cap,0.00000,0.00000,block
2026-08-04T18:51:02.671Z,s_calm_7_33,META,3d66199b540f184f,2026-08-04T18:30Z,1.000,SKIP-cap,0.00000,0.00000,block
2026-08-04T18:51:02.671Z,s_calm_7_33,AMZN,5bcacbfc5539751d,2026-08-04T18:30Z,1.000,SKIP-cap,0.00000,0.00000,block
2026-08-04T18:51:02.671Z,s_calm_7_33,AAPL,c083f9939fc2aa76,2026-08-04T18:30Z,1.000,SKIP-cap,0.00000,0.00000,block
2026-08-04T18:51:02.671Z,s_calm_7_33,MSFT,4f9fb41591d9db32,2026-08-04T18:30Z,1.000,SKIP-cap,0.00000,0.00000,block
2026-08-04T18:51:02.671Z,s_calm_7_33,QQQ,51f3b7f6a356d583,2026-08-04T18:30Z,1.000,SKIP-cap,0.00000,0.00000,block
2026-08-04T18:51:02.671Z,s_calm_7_33,IWM,c1da9e41f87aa0ec,2026-08-04T18:30Z,1.000,SKIP-cap,0.00000,0.00000,block
2026-08-04T18:51:02.671Z,s_calm_7_33,SPY,3948604ee6030df0,2026-08-04T18:30Z,1.000,SKIP-cap,0.00000,0.00000,block
2026-08-04T18:51:02.671Z,s_nearhi_33,GOOGL,0348eb43f7d75fa5,2026-08-04T18:30Z,1.000,SKIP-cap,0.00000,0.00000,block
2026-08-04T18:51:02.671Z,s_nearhi_33,META,3d66199b540f184f,2026-08-04T18:30Z,1.000,SKIP-cap,0.00000,0.00000,block
2026-08-04T18:51:02.671Z,s_nearhi_33,AMZN,5bcacbfc5539751d,2026-08-04T18:30Z,1.000,SKIP-cap,0.00000,0.00000,block
2026-08-04T18:51:02.671Z,s_nearhi_33,MSFT,4f9fb41591d9db32,2026-08-04T18:30Z,1.000,SKIP-cap,0.00000,0.00000,block
2026-08-04T18:51:02.671Z,s_nearhi_33,IWM,c1da9e41f87aa0ec,2026-08-04T18:30Z,1.000,SKIP-cap,0.00000,0.00000,block
2026-08-04T18:51:02.671Z,s_nearhi_33,QQQ,51f3b7f6a356d583,2026-08-04T18:30Z,1.000,SKIP-cap,0.00000,0.00000,block
2026-08-04T18:51:02.671Z,s_nearhi_33,SPY,3948604ee6030df0,2026-08-04T18:30Z,1.000,SKIP-cap,0.00000,0.00000,block
2026-08-04T19:52:02.426Z,s_trend_33,GOOGL,5c7fb23b56bfdf36,2026-08-04T19:30Z,1.000,SKIP-cap,0.00000,0.00000,block
2026-08-04T19:52:02.426Z,s_trend_33,META,2540dff6ff23857d,2026-08-04T19:30Z,1.000,SKIP-cap,0.00000,0.00000,block
2026-08-04T19:52:02.426Z,s_trend_33,AMZN,db8c2639ca840264,2026-08-04T19:30Z,1.000,SKIP-cap,0.00000,0.00000,block
2026-08-04T19:52:02.426Z,s_trend_33,MSFT,c7ce55e12745b2d6,2026-08-04T19:30Z,1.000,SKIP-cap,0.00000,0.00000,block
2026-08-04T19:52:02.426Z,s_trend_33,QQQ,21e40c825ae8eb40,2026-08-04T19:30Z,1.000,SKIP-cap,0.00000,0.00000,block
2026-08-04T19:52:02.426Z,s_trend_33,IWM,49fb9b2f78a6f4e3,2026-08-04T19:30Z,1.000,SKIP-cap,0.00000,0.00000,block
2026-08-04T19:52:02.426Z,s_trend_33,SPY,4191c97f60d6b0d8,2026-08-04T19:30Z,1.000,SKIP-cap,0.00000,0.00000,block
2026-08-04T19:52:02.426Z,s_cross_7_33,GOOGL,5c7fb23b56bfdf36,2026-08-04T19:30Z,1.000,SKIP-cap,0.00000,0.00000,block
2026-08-04T19:52:02.426Z,s_cross_7_33,META,2540dff6ff23857d,2026-08-04T19:30Z,1.000,SKIP-cap,0.00000,0.00000,block
2026-08-04T19:52:02.426Z,s_cross_7_33,AMZN,db8c2639ca840264,2026-08-04T19:30Z,1.000,SKIP-cap,0.00000,0.00000,block
2026-08-04T19:52:02.426Z,s_cross_7_33,MSFT,c7ce55e12745b2d6,2026-08-04T19:30Z,1.000,SKIP-cap,0.00000,0.00000,block
2026-08-04T19:52:02.426Z,s_cross_7_33,QQQ,21e40c825ae8eb40,2026-08-04T19:30Z,1.000,SKIP-cap,0.00000,0.00000,block
2026-08-04T19:52:02.426Z,s_cross_7_33,IWM,49fb9b2f78a6f4e3,2026-08-04T19:30Z,1.000,SKIP-cap,0.00000,0.00000,block
2026-08-04T19:52:02.426Z,s_cross_7_33,SPY,4191c97f60d6b0d8,2026-08-04T19:30Z,1.000,SKIP-cap,0.00000,0.00000,block
2026-08-04T19:52:02.426Z,s_tsmom_21,GOOGL,5c7fb23b56bfdf36,2026-08-04T19:30Z,1.000,SKIP-cap,0.00000,0.00000,block
2026-08-04T19:52:02.426Z,s_tsmom_21,META,2540dff6ff23857d,2026-08-04T19:30Z,1.000,SKIP-cap,0.00000,0.00000,block
2026-08-04T19:52:02.426Z,s_tsmom_21,AMZN,db8c2639ca840264,2026-08-04T19:30Z,1.000,SKIP-cap,0.00000,0.00000,block
2026-08-04T19:52:02.426Z,s_tsmom_21,MSFT,c7ce55e12745b2d6,2026-08-04T19:30Z,1.000,SKIP-cap,0.00000,0.00000,block
2026-08-04T19:52:02.426Z,s_tsmom_21,QQQ,21e40c825ae8eb40,2026-08-04T19:30Z,1.000,SKIP-cap,0.00000,0.00000,block
2026-08-04T19:52:02.426Z,s_tsmom_21,IWM,49fb9b2f78a6f4e3,2026-08-04T19:30Z,1.000,SKIP-cap,0.00000,0.00000,block
2026-08-04T19:52:02.426Z,s_tsmom_21,SPY,4191c97f60d6b0d8,2026-08-04T19:30Z,1.000,SKIP-cap,0.00000,0.00000,block
2026-08-04T19:52:02.426Z,s_macd_12_26,META,2540dff6ff23857d,2026-08-04T19:30Z,1.000,SKIP-cap,0.00000,0.00000,block
2026-08-04T19:52:02.426Z,s_macd_12_26,AAPL,de0a65d6dcace7a7,2026-08-04T19:30Z,1.000,SKIP-cap,0.00000,0.00000,block
2026-08-04T19:52:02.426Z,s_macd_12_26,IWM,49fb9b2f78a6f4e3,2026-08-04T19:30Z,1.000,SKIP-cap,0.00000,0.00000,block
2026-08-04T19:52:02.426Z,s_macd_12_26,QQQ,21e40c825ae8eb40,2026-08-04T19:30Z,1.000,SKIP-cap,0.00000,0.00000,block
2026-08-04T19:52:02.426Z,s_macd_12_26,SPY,4191c97f60d6b0d8,2026-08-04T19:30Z,1.000,SKIP-cap,0.00000,0.00000,block
2026-08-04T19:52:02.426Z,s_donch_14_7,AAPL,de0a65d6dcace7a7,2026-08-04T19:30Z,1.000,SKIP-cap,0.00000,0.00000,block
2026-08-04T19:52:02.426Z,s_donch_14_7,SPY,4191c97f60d6b0d8,2026-08-04T19:30Z,1.000,SKIP-cap,0.00000,0.00000,block
2026-08-04T19:52:02.426Z,s_volbrk_7_33,AAPL,de0a65d6dcace7a7,2026-08-04T19:30Z,1.000,SKIP-cap,0.00000,0.00000,block
2026-08-04T19:52:02.426Z,s_volbrk_7_33,SPY,4191c97f60d6b0d8,2026-08-04T19:30Z,1.000,SKIP-cap,0.00000,0.00000,block
2026-08-04T19:52:02.426Z,s_calm_7_33,GOOGL,5c7fb23b56bfdf36,2026-08-04T19:30Z,1.000,SKIP-cap,0.00000,0.00000,block
2026-08-04T19:52:02.426Z,s_calm_7_33,META,2540dff6ff23857d,2026-08-04T19:30Z,1.000,SKIP-cap,0.00000,0.00000,block
2026-08-04T19:52:02.426Z,s_calm_7_33,AMZN,db8c2639ca840264,2026-08-04T19:30Z,1.000,SKIP-cap,0.00000,0.00000,block
2026-08-04T19:52:02.426Z,s_calm_7_33,AAPL,de0a65d6dcace7a7,2026-08-04T19:30Z,1.000,SKIP-cap,0.00000,0.00000,block
2026-08-04T19:52:02.426Z,s_calm_7_33,MSFT,c7ce55e12745b2d6,2026-08-04T19:30Z,1.000,SKIP-cap,0.00000,0.00000,block
2026-08-04T19:52:02.426Z,s_calm_7_33,QQQ,21e40c825ae8eb40,2026-08-04T19:30Z,1.000,SKIP-cap,0.00000,0.00000,block
2026-08-04T19:52:02.426Z,s_calm_7_33,IWM,49fb9b2f78a6f4e3,2026-08-04T19:30Z,1.000,SKIP-cap,0.00000,0.00000,block
2026-08-04T19:52:02.426Z,s_calm_7_33,SPY,4191c97f60d6b0d8,2026-08-04T19:30Z,1.000,SKIP-cap,0.00000,0.00000,block
2026-08-04T19:52:02.426Z,s_nearhi_33,GOOGL,5c7fb23b56bfdf36,2026-08-04T19:30Z,1.000,SKIP-cap,0.00000,0.00000,block
2026-08-04T19:52:02.426Z,s_nearhi_33,META,2540dff6ff23857d,2026-08-04T19:30Z,1.000,SKIP-cap,0.00000,0.00000,block
2026-08-04T19:52:02.426Z,s_nearhi_33,AMZN,db8c2639ca840264,2026-08-04T19:30Z,1.000,SKIP-cap,0.00000,0.00000,block
2026-08-04T19:52:02.426Z,s_nearhi_33,MSFT,c7ce55e12745b2d6,2026-08-04T19:30Z,1.000,SKIP-cap,0.00000,0.00000,block
2026-08-04T19:52:02.426Z,s_nearhi_33,IWM,49fb9b2f78a6f4e3,2026-08-04T19:30Z,1.000,SKIP-cap,0.00000,0.00000,block
2026-08-04T19:52:02.426Z,s_nearhi_33,QQQ,21e40c825ae8eb40,2026-08-04T19:30Z,1.000,SKIP-cap,0.00000,0.00000,block
2026-08-04T19:52:02.426Z,s_nearhi_33,SPY,4191c97f60d6b0d8,2026-08-04T19:30Z,1.000,SKIP-cap,0.00000,0.00000,block
