time,strategy,equity,cash,holdings
2026-08-04T21:38:16.643101+00:00,BTC-HOLD,3000.00,3000.00,cash
2026-08-04T21:38:16.643101+00:00,BTC-TREND,3000.00,3000.00,cash
2026-08-04T21:38:16.643101+00:00,MOM-ROT,3000.00,3000.00,cash
2026-08-04T21:38:16.643101+00:00,CROSS-BTC,3000.00,3000.00,cash
2026-08-04T21:38:16.643101+00:00,DONCH-BTC,3000.00,3000.00,cash
2026-08-04T21:38:16.643101+00:00,RSI-BTC,3000.00,3000.00,cash
2026-08-04T22:11:15.393717+00:00,BTC-HOLD,2980.56,0.00,BTC-USD
2026-08-04T22:11:15.393717+00:00,BTC-TREND,3000.00,3000.00,cash
2026-08-04T22:11:15.393717+00:00,MOM-ROT,2978.59,0.00,PUMP-USD UNI-USD ENA-USD
2026-08-04T22:11:15.393717+00:00,CROSS-BTC,2980.56,0.00,BTC-USD
2026-08-04T22:11:15.393717+00:00,DONCH-BTC,3000.00,3000.00,cash
2026-08-04T22:11:15.393717+00:00,RSI-BTC,3000.00,3000.00,cash
