time,squad,bots,invested,overlap,distinct,effective
2026-08-05T12:35:28.443691+00:00,crypto,11,6,0.4667,3,0.5000
2026-08-05T13:33:45.791504+00:00,crypto,11,6,0.4667,3,0.5000
2026-08-05T13:33:45.791504+00:00,stocks,11,9,0.3402,8,0.8889
2026-08-05T14:34:46.528572+00:00,crypto,11,8,0.3929,4,0.5000
2026-08-05T14:34:46.528572+00:00,stocks,11,9,0.3402,8,0.8889
2026-08-05T15:35:45.202215+00:00,crypto,11,8,0.4226,4,0.5000
2026-08-05T15:35:45.202215+00:00,stocks,11,10,0.2866,9,0.9000
2026-08-05T16:36:44.718094+00:00,crypto,11,9,0.3806,5,0.5556
2026-08-05T16:36:44.718094+00:00,stocks,11,10,0.2214,9,0.9000
2026-08-05T17:37:44.372848+00:00,crypto,11,9,0.4083,5,0.5556
2026-08-05T17:37:44.372848+00:00,stocks,11,11,0.2243,10,0.9091
2026-08-05T18:38:48.120383+00:00,crypto,11,9,0.4083,5,0.5556
2026-08-05T18:38:48.120383+00:00,stocks,11,11,0.2243,10,0.9091
2026-08-05T19:39:46.804782+00:00,crypto,11,9,0.4083,5,0.5556
2026-08-05T19:39:46.804782+00:00,stocks,11,11,0.2088,11,1.0000
2026-08-05T20:40:10.905254+00:00,crypto,11,9,0.4250,5,0.5556
2026-08-05T20:40:10.905254+00:00,stocks,11,11,0.2088,11,1.0000
2026-08-05T21:40:35.072634+00:00,crypto,11,9,0.4250,5,0.5556
2026-08-05T21:40:35.072634+00:00,stocks,11,11,0.2088,11,1.0000
2026-08-05T22:41:03.331129+00:00,crypto,11,9,0.4250,5,0.5556
2026-08-05T22:41:03.331129+00:00,stocks,11,11,0.2088,11,1.0000
2026-08-05T23:41:27.278288+00:00,crypto,11,9,0.4250,5,0.5556
2026-08-05T23:41:27.278288+00:00,stocks,11,11,0.2088,11,1.0000
2026-08-06T01:06:57.911655+00:00,crypto,11,10,0.3044,6,0.6000
2026-08-06T01:06:57.911655+00:00,stocks,11,11,0.2088,11,1.0000
2026-08-06T02:07:26.011210+00:00,crypto,11,10,0.2926,7,0.7000
2026-08-06T02:07:26.011210+00:00,stocks,11,11,0.2088,11,1.0000
2026-08-06T03:07:54.931027+00:00,crypto,11,9,0.3287,6,0.6667
2026-08-06T03:07:54.931027+00:00,stocks,11,11,0.2088,11,1.0000
2026-08-06T04:08:25.257853+00:00,crypto,11,9,0.3296,7,0.7778
2026-08-06T04:08:25.257853+00:00,stocks,11,11,0.2088,11,1.0000
2026-08-06T05:08:54.617951+00:00,crypto,11,9,0.3296,7,0.7778
2026-08-06T05:08:54.617951+00:00,stocks,11,11,0.2088,11,1.0000
2026-08-06T06:09:24.449587+00:00,crypto,11,10,0.2637,8,0.8000
2026-08-06T06:09:24.449587+00:00,stocks,11,11,0.2088,11,1.0000
2026-08-06T07:09:54.180523+00:00,crypto,11,10,0.2637,8,0.8000
2026-08-06T07:09:54.180523+00:00,stocks,11,11,0.2088,11,1.0000
2026-08-06T08:10:24.404388+00:00,crypto,11,10,0.2637,8,0.8000
2026-08-06T08:10:24.404388+00:00,stocks,11,11,0.2088,11,1.0000
2026-08-06T09:10:53.659410+00:00,crypto,11,10,0.3063,8,0.8000
2026-08-06T09:10:53.659410+00:00,stocks,11,11,0.2088,11,1.0000
2026-08-06T10:11:23.304316+00:00,crypto,11,9,0.3611,6,0.6667
2026-08-06T10:11:23.304316+00:00,stocks,11,11,0.2088,11,1.0000
2026-08-06T11:11:53.337039+00:00,crypto,11,9,0.3611,6,0.6667
2026-08-06T11:11:53.337039+00:00,stocks,11,11,0.2088,11,1.0000
2026-08-06T12:12:22.457547+00:00,crypto,11,9,0.3611,6,0.6667
2026-08-06T12:12:22.457547+00:00,stocks,11,11,0.2088,11,1.0000
2026-08-06T13:12:51.594607+00:00,crypto,11,9,0.3611,6,0.6667
2026-08-06T13:12:51.594607+00:00,stocks,11,11,0.2088,11,1.0000
2026-08-06T14:13:57.759434+00:00,crypto,11,9,0.3537,7,0.7778
2026-08-06T14:13:57.759434+00:00,stocks,11,11,0.1916,11,1.0000
2026-08-06T15:15:03.426131+00:00,crypto,11,9,0.3463,7,0.7778
2026-08-06T15:15:03.426131+00:00,stocks,11,11,0.1611,11,1.0000
2026-08-06T16:16:07.524024+00:00,crypto,11,9,0.3407,7,0.7778
2026-08-06T16:16:07.524024+00:00,stocks,11,10,0.2405,8,0.8000
2026-08-06T17:17:12.648466+00:00,crypto,11,9,0.3407,7,0.7778
2026-08-06T17:17:12.648466+00:00,stocks,11,10,0.2405,8,0.8000
2026-08-06T18:18:18.387365+00:00,crypto,11,9,0.3463,7,0.7778
2026-08-06T18:18:18.387365+00:00,stocks,11,10,0.2405,8,0.8000
2026-08-06T19:19:24.204240+00:00,crypto,11,9,0.3463,7,0.7778
2026-08-06T19:19:24.204240+00:00,stocks,11,10,0.2575,8,0.8000
2026-08-06T20:19:53.525431+00:00,crypto,11,9,0.3463,7,0.7778
2026-08-06T20:19:53.525431+00:00,stocks,11,10,0.2575,8,0.8000
2026-08-06T21:20:21.581274+00:00,crypto,11,9,0.3463,7,0.7778
2026-08-06T21:20:21.581274+00:00,stocks,11,10,0.2575,8,0.8000
2026-08-06T22:20:49.561020+00:00,crypto,11,9,0.3463,7,0.7778
2026-08-06T22:20:49.561020+00:00,stocks,11,10,0.2575,8,0.8000
2026-08-06T23:21:18.387625+00:00,crypto,11,9,0.2722,8,0.8889
2026-08-06T23:21:18.387625+00:00,stocks,11,10,0.2575,8,0.8000
2026-08-07T00:40:51.722260+00:00,crypto,11,9,0.3093,7,0.7778
2026-08-07T00:40:51.722260+00:00,stocks,11,10,0.2575,8,0.8000
2026-08-07T01:41:20.267135+00:00,crypto,11,9,0.3167,7,0.7778
2026-08-07T01:41:20.267135+00:00,stocks,11,10,0.2575,8,0.8000
2026-08-07T02:41:48.493447+00:00,crypto,11,9,0.2843,7,0.7778
2026-08-07T02:41:48.493447+00:00,stocks,11,10,0.2575,8,0.8000
2026-08-07T03:42:17.687674+00:00,crypto,11,9,0.2843,7,0.7778
2026-08-07T03:42:17.687674+00:00,stocks,11,10,0.2575,8,0.8000
2026-08-07T04:42:46.279537+00:00,crypto,11,9,0.2194,7,0.7778
2026-08-07T04:42:46.279537+00:00,stocks,11,10,0.2575,8,0.8000
2026-08-07T05:43:14.275575+00:00,crypto,11,9,0.2194,7,0.7778
2026-08-07T05:43:14.275575+00:00,stocks,11,10,0.2575,8,0.8000
2026-08-07T06:43:42.417692+00:00,crypto,11,9,0.2333,7,0.7778
2026-08-07T06:43:42.417692+00:00,stocks,11,10,0.2575,8,0.8000
2026-08-07T07:44:09.621434+00:00,crypto,11,9,0.2333,7,0.7778
2026-08-07T07:44:09.621434+00:00,stocks,11,10,0.2575,8,0.8000
2026-08-07T08:44:36.880060+00:00,crypto,11,9,0.2333,7,0.7778
2026-08-07T08:44:36.880060+00:00,stocks,11,10,0.2575,8,0.8000
2026-08-07T09:45:05.592520+00:00,crypto,11,9,0.2306,7,0.7778
2026-08-07T09:45:05.592520+00:00,stocks,11,10,0.2575,8,0.8000
2026-08-07T10:45:34.057852+00:00,crypto,11,9,0.2602,8,0.8889
2026-08-07T10:45:34.057852+00:00,stocks,11,10,0.2575,8,0.8000
2026-08-07T11:46:02.834650+00:00,crypto,11,9,0.2602,8,0.8889
2026-08-07T11:46:02.834650+00:00,stocks,11,10,0.2575,8,0.8000
2026-08-07T12:46:31.513483+00:00,crypto,11,9,0.3088,8,0.8889
2026-08-07T12:46:31.513483+00:00,stocks,11,10,0.2575,8,0.8000
2026-08-07T13:47:36.213079+00:00,crypto,11,9,0.3352,7,0.7778
2026-08-07T13:47:36.213079+00:00,stocks,11,10,0.2224,9,0.9000
2026-08-07T14:48:41.325794+00:00,crypto,11,9,0.3352,7,0.7778
2026-08-07T14:48:41.325794+00:00,stocks,11,10,0.2376,9,0.9000
2026-08-07T15:49:40.187749+00:00,crypto,11,9,0.3208,8,0.8889
2026-08-07T15:49:40.187749+00:00,stocks,11,10,0.2376,9,0.9000
2026-08-07T16:50:39.076579+00:00,crypto,11,9,0.3208,8,0.8889
2026-08-07T16:50:39.076579+00:00,stocks,11,10,0.2598,9,0.9000
2026-08-07T17:51:43.463477+00:00,crypto,11,9,0.3208,8,0.8889
2026-08-07T17:51:43.463477+00:00,stocks,11,10,0.2502,9,0.9000
2026-08-07T18:52:48.565141+00:00,crypto,11,9,0.3116,8,0.8889
2026-08-07T18:52:48.565141+00:00,stocks,11,10,0.2541,9,0.9000
2026-08-07T19:53:47.443759+00:00,crypto,11,9,0.3690,7,0.7778
2026-08-07T19:53:47.443759+00:00,stocks,11,10,0.2541,9,0.9000
2026-08-07T20:54:11.979349+00:00,crypto,11,9,0.3690,7,0.7778
2026-08-07T20:54:11.979349+00:00,stocks,11,10,0.2541,9,0.9000
2026-08-07T21:54:36.799069+00:00,crypto,11,9,0.3690,7,0.7778
2026-08-07T21:54:36.799069+00:00,stocks,11,10,0.2541,9,0.9000
2026-08-07T22:55:01.855456+00:00,crypto,11,9,0.3690,7,0.7778
2026-08-07T22:55:01.855456+00:00,stocks,11,10,0.2541,9,0.9000
2026-08-07T23:55:25.710835+00:00,crypto,11,9,0.3690,7,0.7778
2026-08-07T23:55:25.710835+00:00,stocks,11,10,0.2541,9,0.9000
2026-08-08T01:14:23.203568+00:00,crypto,11,9,0.3083,8,0.8889
2026-08-08T01:14:23.203568+00:00,stocks,11,10,0.2541,9,0.9000
2026-08-08T02:14:51.820342+00:00,crypto,11,9,0.3116,8,0.8889
2026-08-08T02:14:51.820342+00:00,stocks,11,10,0.2541,9,0.9000
2026-08-08T03:15:20.883095+00:00,crypto,11,9,0.3116,8,0.8889
2026-08-08T03:15:20.883095+00:00,stocks,11,10,0.2541,9,0.9000
2026-08-08T04:15:45.145061+00:00,crypto,11,9,0.3093,7,0.7778
2026-08-08T04:15:45.145061+00:00,stocks,11,10,0.2541,9,0.9000
2026-08-08T05:16:18.475120+00:00,crypto,11,9,0.3093,7,0.7778
2026-08-08T05:16:18.475120+00:00,stocks,11,10,0.2541,9,0.9000
2026-08-08T06:16:52.154058+00:00,crypto,11,9,0.3093,7,0.7778
2026-08-08T06:16:52.154058+00:00,stocks,11,10,0.2541,9,0.9000
2026-08-08T07:17:25.153113+00:00,crypto,11,9,0.3093,7,0.7778
2026-08-08T07:17:25.153113+00:00,stocks,11,10,0.2541,9,0.9000
2026-08-08T08:17:59.095192+00:00,crypto,11,9,0.3093,7,0.7778
2026-08-08T08:17:59.095192+00:00,stocks,11,10,0.2541,9,0.9000
2026-08-08T09:18:32.620234+00:00,crypto,11,9,0.3093,7,0.7778
2026-08-08T09:18:32.620234+00:00,stocks,11,10,0.2541,9,0.9000
2026-08-08T10:19:01.765638+00:00,crypto,11,9,0.3093,7,0.7778
2026-08-08T10:19:01.765638+00:00,stocks,11,10,0.2541,9,0.9000
