time,strategy,action,pair,price,units,value,fee
2026-08-04T22:59:44.248457+00:00,BTC-HOLD,BUY,BTC-USD,64216.97,0.046413,3000.00,18.00
2026-08-04T22:59:44.248457+00:00,MOM-ROT,BUY,PUMP-USD,0.002448,405842.830219,1000.00,6.00
2026-08-04T22:59:44.248457+00:00,MOM-ROT,BUY,UNI-USD,3.883,255.859709,1000.00,6.00
2026-08-04T22:59:44.248457+00:00,MOM-ROT,BUY,ENA-USD,0.09202,10796.601265,1000.00,6.00
2026-08-04T22:59:44.248457+00:00,CROSS-BTC,BUY,BTC-USD,64216.97,0.046413,3000.00,18.00
2026-08-11T23:21:29.910470+00:00,MOM-ROT,SELL,UNI-USD,3.7392,,956.23,5.74
2026-08-11T23:21:29.910470+00:00,MOM-ROT,BUY,ADA-USD,0.18579,5082.726434,950.49,5.70
2026-08-18T23:44:52.396940+00:00,MOM-ROT,SELL,ENA-USD,0.08273,,892.76,5.36
2026-08-18T23:44:52.396940+00:00,MOM-ROT,SELL,ADA-USD,0.17438,,885.88,5.32
2026-08-18T23:44:52.396940+00:00,MOM-ROT,BUY,VVV-USD,13.9284,63.053941,883.98,5.30
2026-08-18T23:44:52.396940+00:00,MOM-ROT,BUY,LINK-USD,9.534,92.116689,883.98,5.30
2026-08-20T12:19:18.944573+00:00,BTC-TREND,BUY,BTC-USD,71701.92,0.041568,3000.00,18.00
2026-08-20T12:19:18.944573+00:00,DONCH-BTC,BUY,BTC-USD,71701.92,0.041568,3000.00,18.00
2026-08-25T23:55:11.639856+00:00,MOM-ROT,SELL,VVV-USD,17.2115,,1084.71,6.51
2026-08-25T23:55:11.639856+00:00,MOM-ROT,SELL,LINK-USD,11.288,,1039.29,6.24
2026-08-25T23:55:11.639856+00:00,MOM-ROT,BUY,ENA-USD,0.14299,7334.580038,1055.63,6.33
2026-08-25T23:55:11.639856+00:00,MOM-ROT,BUY,ZEC-USD,774.24,1.354582,1055.63,6.33
