date,bot,ret,counted,reason
2026-08-05,h_trend_168,-0.006570,yes,
2026-08-05,h_cross_24_168,-0.006570,yes,
2026-08-05,h_tsmom_72,-0.007185,yes,
2026-08-05,h_macd_12_26,-0.007268,yes,
2026-08-05,h_donch_48_24,0.002104,yes,
2026-08-05,h_volbrk_24_96,0.002104,yes,
2026-08-05,h_rsi14_reg168,0.000000,yes,
2026-08-05,h_boll_48,-0.000805,yes,
2026-08-05,h_calm_24_168,-0.002930,yes,
2026-08-05,h_nearhi_168,-0.006570,yes,
2026-08-05,h_rand_72,0.000000,yes,
2026-08-06,h_trend_168,0.008538,yes,
2026-08-06,h_cross_24_168,0.006256,yes,
2026-08-06,h_tsmom_72,-0.011285,yes,
2026-08-06,h_macd_12_26,-0.015058,yes,
2026-08-06,h_donch_48_24,-0.011716,yes,
2026-08-06,h_volbrk_24_96,0.001329,yes,
2026-08-06,h_rsi14_reg168,0.000000,yes,
2026-08-06,h_boll_48,-0.001775,yes,
2026-08-06,h_calm_24_168,-0.004871,yes,
2026-08-06,h_nearhi_168,-0.018853,yes,
2026-08-06,h_rand_72,-0.001189,yes,
2026-08-07,h_trend_168,0.006893,yes,
2026-08-07,h_cross_24_168,0.004445,yes,
2026-08-07,h_tsmom_72,0.007153,yes,
2026-08-07,h_macd_12_26,-0.018214,yes,
2026-08-07,h_donch_48_24,-0.013742,yes,
2026-08-07,h_volbrk_24_96,-0.009313,yes,
2026-08-07,h_rsi14_reg168,0.000000,yes,
2026-08-07,h_boll_48,0.000000,yes,
2026-08-07,h_calm_24_168,0.005679,yes,
2026-08-07,h_nearhi_168,0.011028,yes,
2026-08-07,h_rand_72,0.001503,yes,
