timestamp,datetime,low,high,open,close,volume
1781784000,2026-06-18 12:00:00,0.4575,0.494,0.494,0.4851,126172.07
1781787600,2026-06-18 13:00:00,0.4089,0.4995,0.4995,0.4089,474045.01
1781791200,2026-06-18 14:00:00,0.3783,0.6359,0.416,0.5663,1408363.37
1781794800,2026-06-18 15:00:00,0.4814,0.6059,0.5688,0.4967,1803901.11
1781798400,2026-06-18 16:00:00,0.4544,0.5277,0.4964,0.4897,921157.96
1781802000,2026-06-18 17:00:00,0.4722,0.5162,0.4904,0.4963,369810.78
1781805600,2026-06-18 18:00:00,0.4938,0.5507,0.4962,0.5076,749050.33
1781809200,2026-06-18 19:00:00,0.447,0.5261,0.5073,0.4758,872093.5
1781812800,2026-06-18 20:00:00,0.4489,0.4803,0.4768,0.4594,991178.53
1781816400,2026-06-18 21:00:00,0.4249,0.4962,0.4584,0.4549,808946.45
1781820000,2026-06-18 22:00:00,0.424,0.4659,0.4546,0.4423,943099.86
1781823600,2026-06-18 23:00:00,0.412,0.4439,0.4424,0.4358,770089.69
1781827200,2026-06-19 00:00:00,0.4334,0.4618,0.4352,0.4412,733233.15
1781830800,2026-06-19 01:00:00,0.4384,0.4659,0.4416,0.4657,658017.12
1781834400,2026-06-19 02:00:00,0.4251,0.4847,0.4662,0.4705,1775004.64
1781838000,2026-06-19 03:00:00,0.4592,0.5005,0.471,0.4789,574317.32
1781841600,2026-06-19 04:00:00,0.4589,0.491,0.4797,0.4696,302251.83
1781845200,2026-06-19 05:00:00,0.4533,0.4878,0.469,0.4764,260140.95
1781848800,2026-06-19 06:00:00,0.4455,0.4859,0.4748,0.4621,252440.9
1781852400,2026-06-19 07:00:00,0.4369,0.4637,0.462,0.4439,244545.28
1781856000,2026-06-19 08:00:00,0.4213,0.525,0.444,0.5174,1141640.34
1781859600,2026-06-19 09:00:00,0.4905,0.6159,0.5176,0.6027,2371888.52
1781863200,2026-06-19 10:00:00,0.5889,0.6549,0.6028,0.6515,1112401.57
1781866800,2026-06-19 11:00:00,0.6516,0.8502,0.6516,0.8098,1763707.43
1781870400,2026-06-19 12:00:00,0.76,0.8725,0.808,0.8177,2609880.96
1781874000,2026-06-19 13:00:00,0.7393,0.8239,0.8178,0.7528,970051.96
1781877600,2026-06-19 14:00:00,0.6718,0.7712,0.752,0.7545,1228964.03
1781881200,2026-06-19 15:00:00,0.7327,0.7929,0.7544,0.746,645292.97
1781884800,2026-06-19 16:00:00,0.6932,0.7665,0.7477,0.7387,809553.4
1781888400,2026-06-19 17:00:00,0.7332,0.7847,0.7398,0.7556,572602.03
1781892000,2026-06-19 18:00:00,0.7391,0.8257,0.7552,0.8046,654156.87
1781895600,2026-06-19 19:00:00,0.753,0.8433,0.8048,0.7864,781613.85
1781899200,2026-06-19 20:00:00,0.7752,0.8369,0.7882,0.8008,337323.69
1781902800,2026-06-19 21:00:00,0.7964,0.8959,0.8004,0.8355,904528.1
1781906400,2026-06-19 22:00:00,0.8306,0.9191,0.8352,0.8878,1153122.83
1781910000,2026-06-19 23:00:00,0.8692,0.9208,0.8868,0.8883,581551.46
1781913600,2026-06-20 00:00:00,0.8409,0.9091,0.8884,0.87,712566.26
1781917200,2026-06-20 01:00:00,0.8667,0.95,0.8684,0.9391,836498.61
1781920800,2026-06-20 02:00:00,0.8485,0.9402,0.9391,0.8741,503540.46
1781924400,2026-06-20 03:00:00,0.7823,0.8935,0.8728,0.8786,862379.79
1781928000,2026-06-20 04:00:00,0.8425,0.8864,0.8796,0.8604,358217.88
1781931600,2026-06-20 05:00:00,0.8302,0.8771,0.86,0.852,265291.67
1781935200,2026-06-20 06:00:00,0.8439,0.8986,0.8517,0.894,480646.31
1781938800,2026-06-20 07:00:00,0.8826,0.9296,0.894,0.9069,313217.82
1781942400,2026-06-20 08:00:00,0.8713,0.9138,0.9072,0.8907,175522.67
1781946000,2026-06-20 09:00:00,0.8599,0.8907,0.8907,0.8691,127205.32
1781949600,2026-06-20 10:00:00,0.8664,1.0595,0.8696,0.9877,970887.44
1781953200,2026-06-20 11:00:00,0.9885,1.0529,0.989,1.019,698664.62
1781956800,2026-06-20 12:00:00,0.9596,1.0404,1.0193,1.002,757832.3
1781960400,2026-06-20 13:00:00,0.9327,1.0129,1.0028,0.9534,519234.51
1781964000,2026-06-20 14:00:00,0.9369,1.03,0.9535,1.0077,710671.16
1781967600,2026-06-20 15:00:00,1.0007,1.0639,1.0064,1.028,922327.9
1781971200,2026-06-20 16:00:00,1.008,1.0772,1.0324,1.0359,517242.78
1781974800,2026-06-20 17:00:00,0.9862,1.0532,1.0389,1.0221,497239.97
1781978400,2026-06-20 18:00:00,1.002,1.05,1.0228,1.028,453995.89
1781982000,2026-06-20 19:00:00,1.0272,1.0934,1.0289,1.0529,664525.39
1781985600,2026-06-20 20:00:00,1.0326,1.0676,1.0529,1.0416,630903.63
1781989200,2026-06-20 21:00:00,1.02,1.0572,1.0416,1.0404,581688.67
1781992800,2026-06-20 22:00:00,0.965,1.042,1.0415,1.0171,1114280.44
1781996400,2026-06-20 23:00:00,0.9799,1.0217,1.018,1.0048,464590.65
1782000000,2026-06-21 00:00:00,0.9975,1.0372,1.006,1.0034,348361.5
1782003600,2026-06-21 01:00:00,0.9728,1.0347,1.003,1.0281,321524.31
1782007200,2026-06-21 02:00:00,1.0208,1.06,1.0272,1.0371,579789.92
1782010800,2026-06-21 03:00:00,1.0099,1.0378,1.0378,1.0339,435225.37
1782014400,2026-06-21 04:00:00,1.0155,1.0349,1.0349,1.0272,169155.98
1782018000,2026-06-21 05:00:00,0.8942,1.0314,1.0304,0.9265,1442032.5
1782021600,2026-06-21 06:00:00,0.8918,0.9626,0.9256,0.9479,937484.22
1782025200,2026-06-21 07:00:00,0.9344,1.025,0.9479,1.0087,743900.06
1782028800,2026-06-21 08:00:00,0.9544,1.0104,1.0084,0.9969,460435.8
1782032400,2026-06-21 09:00:00,0.9794,1.0433,0.992,1.0384,449747.7
1782036000,2026-06-21 10:00:00,0.9948,1.0397,1.0377,1.0008,453524.83
1782039600,2026-06-21 11:00:00,0.9635,1.0227,1.0024,0.9727,251887
1782043200,2026-06-21 12:00:00,0.939,0.9945,0.9725,0.9772,406872.82
1782046800,2026-06-21 13:00:00,0.9521,0.9873,0.9772,0.9648,254507.58
1782050400,2026-06-21 14:00:00,0.9241,0.9668,0.9649,0.9463,307957.43
1782054000,2026-06-21 15:00:00,0.9299,0.9718,0.9471,0.9592,502322.47
1782057600,2026-06-21 16:00:00,0.8999,0.9572,0.9572,0.9074,736834.91
1782061200,2026-06-21 17:00:00,0.8569,0.9188,0.9086,0.8668,723060.39
1782064800,2026-06-21 18:00:00,0.8428,0.9165,0.8691,0.8921,564750.46
1782068400,2026-06-21 19:00:00,0.8809,0.9088,0.8928,0.8924,235201.27
1782072000,2026-06-21 20:00:00,0.8838,0.9046,0.8916,0.8971,102710.06
1782075600,2026-06-21 21:00:00,0.8916,0.9471,0.8973,0.9122,344815.96
1782079200,2026-06-21 22:00:00,0.8964,0.9193,0.91,0.9035,71982.71
1782082800,2026-06-21 23:00:00,0.8968,0.926,0.902,0.9073,178410.85
1782086400,2026-06-22 00:00:00,0.8892,0.9383,0.9072,0.91,376740.59
1782090000,2026-06-22 01:00:00,0.8968,0.9329,0.9104,0.9029,336966.92
1782093600,2026-06-22 02:00:00,0.8912,0.9179,0.9028,0.8982,193455.08
1782097200,2026-06-22 03:00:00,0.8673,0.9009,0.8986,0.884,115619.84
1782100800,2026-06-22 04:00:00,0.8412,0.8846,0.8844,0.8422,180720.66
1782104400,2026-06-22 05:00:00,0.8186,0.8508,0.842,0.8398,140426.76
1782108000,2026-06-22 06:00:00,0.8287,0.8502,0.8376,0.835,160891.96
1782111600,2026-06-22 07:00:00,0.7999,0.8431,0.8348,0.8336,520057.29
1782115200,2026-06-22 08:00:00,0.8077,0.8335,0.8335,0.8265,246086.19
1782118800,2026-06-22 09:00:00,0.8064,0.8318,0.8264,0.8138,365925.01
1782122400,2026-06-22 10:00:00,0.7816,0.8212,0.8142,0.7904,473182.76
1782126000,2026-06-22 11:00:00,0.7887,0.8084,0.7903,0.8043,195265.23
1782129600,2026-06-22 12:00:00,0.7829,0.8043,0.8042,0.7937,253192.71
1782133200,2026-06-22 13:00:00,0.7892,0.8264,0.7941,0.7968,510078.62
1782136800,2026-06-22 14:00:00,0.7928,0.8188,0.797,0.8098,312975.71
1782140400,2026-06-22 15:00:00,0.7734,0.8108,0.8104,0.7918,481009.03
1782144000,2026-06-22 16:00:00,0.7894,0.8414,0.7919,0.8319,312555.36
1782147600,2026-06-22 17:00:00,0.8226,0.9359,0.8316,0.9188,917906.18
1782151200,2026-06-22 18:00:00,0.9064,1.0388,0.919,0.9223,1527843.62
1782154800,2026-06-22 19:00:00,0.8741,0.94,0.921,0.9187,520141.89
1782158400,2026-06-22 20:00:00,0.8922,0.923,0.9183,0.9083,415144.4
1782162000,2026-06-22 21:00:00,0.8765,0.9191,0.9089,0.8788,155417.13
1782165600,2026-06-22 22:00:00,0.8688,0.897,0.8792,0.88,454365.94
1782169200,2026-06-22 23:00:00,0.8632,0.8856,0.8792,0.8793,434466.79
1782172800,2026-06-23 00:00:00,0.855,0.8822,0.8785,0.8553,572952.43
1782176400,2026-06-23 01:00:00,0.8278,0.864,0.8551,0.8362,387646.17
1782180000,2026-06-23 02:00:00,0.7964,0.8602,0.8362,0.8512,843995.99
1782183600,2026-06-23 03:00:00,0.8292,0.8764,0.8512,0.861,468698.63
1782187200,2026-06-23 04:00:00,0.84,0.8743,0.8602,0.8457,219801.39
1782190800,2026-06-23 05:00:00,0.8136,0.8457,0.8457,0.8178,197531.55
1782194400,2026-06-23 06:00:00,0.8019,0.8282,0.8176,0.8234,189209.47
1782198000,2026-06-23 07:00:00,0.8073,0.8523,0.8227,0.8281,369657.47
1782201600,2026-06-23 08:00:00,0.803,0.8344,0.8281,0.8082,340522.3
1782205200,2026-06-23 09:00:00,0.7983,0.8202,0.8078,0.8094,146824.7
1782208800,2026-06-23 10:00:00,0.8058,0.8429,0.8104,0.8152,243599.14
1782212400,2026-06-23 11:00:00,0.7908,0.8365,0.8152,0.8085,280158.27
1782216000,2026-06-23 12:00:00,0.7953,0.8231,0.8076,0.8052,280279.33
1782219600,2026-06-23 13:00:00,0.7908,0.8152,0.806,0.8078,226125.12
1782223200,2026-06-23 14:00:00,0.8041,0.8318,0.8076,0.8174,288910.75
1782226800,2026-06-23 15:00:00,0.8134,0.8338,0.818,0.8278,206563.02
1782230400,2026-06-23 16:00:00,0.8181,0.848,0.8272,0.8277,414862.94
1782234000,2026-06-23 17:00:00,0.818,0.8702,0.826,0.8632,275636.63
1782237600,2026-06-23 18:00:00,0.8288,0.8683,0.8635,0.8352,136990
1782241200,2026-06-23 19:00:00,0.8267,0.8395,0.8354,0.8291,101909.38
1782244800,2026-06-23 20:00:00,0.8089,0.8293,0.8284,0.8153,142754.35
1782248400,2026-06-23 21:00:00,0.8112,0.8302,0.814,0.8274,94085.89
1782252000,2026-06-23 22:00:00,0.8181,0.8386,0.8276,0.8208,161645.94
1782255600,2026-06-23 23:00:00,0.8007,0.8226,0.8207,0.805,140999.67
1782259200,2026-06-24 00:00:00,0.769,0.8138,0.8056,0.7725,193136.59
1782262800,2026-06-24 01:00:00,0.714,0.779,0.7725,0.7387,447016.16
1782266400,2026-06-24 02:00:00,0.7237,0.7405,0.7385,0.7336,405439.13
1782270000,2026-06-24 03:00:00,0.7195,0.7331,0.7331,0.7287,104846.81
1782273600,2026-06-24 04:00:00,0.7033,0.728,0.728,0.7225,155648.56
1782277200,2026-06-24 05:00:00,0.7201,0.7567,0.7224,0.7332,236343.58
1782280800,2026-06-24 06:00:00,0.726,0.7412,0.7333,0.7288,138493.4
1782284400,2026-06-24 07:00:00,0.7193,0.7402,0.7296,0.7228,268848.42
1782288000,2026-06-24 08:00:00,0.7186,0.7349,0.7232,0.7299,111029.67
1782291600,2026-06-24 09:00:00,0.7219,0.737,0.7296,0.7251,146259.07
1782295200,2026-06-24 10:00:00,0.7204,0.729,0.725,0.7229,97362.91
1782298800,2026-06-24 11:00:00,0.7222,0.7471,0.7224,0.7415,148686.71
1782302400,2026-06-24 12:00:00,0.7121,0.7418,0.7416,0.7154,206858.45
1782306000,2026-06-24 13:00:00,0.6862,0.7202,0.7155,0.6886,443342.79
1782309600,2026-06-24 14:00:00,0.6611,0.6899,0.6884,0.6794,307523.86
1782313200,2026-06-24 15:00:00,0.6668,0.6868,0.6796,0.6695,377555.17
1782316800,2026-06-24 16:00:00,0.6357,0.6772,0.6696,0.6445,383962.72
1782320400,2026-06-24 17:00:00,0.628,0.645,0.644,0.6427,231828.53
1782324000,2026-06-24 18:00:00,0.6427,0.6697,0.6427,0.6665,383204.28
1782327600,2026-06-24 19:00:00,0.6631,0.68,0.6664,0.6733,235821.82
1782331200,2026-06-24 20:00:00,0.6581,0.6844,0.6735,0.6654,384371.16
1782334800,2026-06-24 21:00:00,0.66,0.6715,0.6642,0.6715,152121.37
1782338400,2026-06-24 22:00:00,0.6644,0.678,0.672,0.665,152384.92
1782342000,2026-06-24 23:00:00,0.6577,0.6677,0.6657,0.6611,166284.49
1782345600,2026-06-25 00:00:00,0.6342,0.6613,0.6613,0.6359,131162.21
1782349200,2026-06-25 01:00:00,0.6143,0.6444,0.636,0.6155,403067.84
1782352800,2026-06-25 02:00:00,0.607,0.6264,0.6162,0.6144,351643.07
1782356400,2026-06-25 03:00:00,0.6111,0.6218,0.6152,0.614,173053.46
1782360000,2026-06-25 04:00:00,0.5976,0.6179,0.6143,0.6068,208062.14
1782363600,2026-06-25 05:00:00,0.6057,0.6137,0.6065,0.6083,62254.13
1782367200,2026-06-25 06:00:00,0.6019,0.6213,0.6088,0.6123,84725.59
1782370800,2026-06-25 07:00:00,0.5964,0.614,0.6129,0.6001,136809.28
1782374400,2026-06-25 08:00:00,0.578,0.6003,0.5995,0.5839,189149.96
1782378000,2026-06-25 09:00:00,0.5757,0.5896,0.5838,0.5838,178656.02
1782381600,2026-06-25 10:00:00,0.5776,0.5923,0.5837,0.5894,213734.29
1782385200,2026-06-25 11:00:00,0.5771,0.5916,0.5895,0.5799,156633.37
1782388800,2026-06-25 12:00:00,0.567,0.5811,0.5797,0.5747,264262.39
1782392400,2026-06-25 13:00:00,0.5453,0.5933,0.5742,0.552,291576.13
1782396000,2026-06-25 14:00:00,0.5528,0.58,0.5528,0.5663,148307.85
1782399600,2026-06-25 15:00:00,0.5586,0.5931,0.5658,0.5816,241685.23
1782403200,2026-06-25 16:00:00,0.5631,0.5827,0.5816,0.5644,113823.22
1782406800,2026-06-25 17:00:00,0.5609,0.6102,0.5645,0.5893,452853.03
1782410400,2026-06-25 18:00:00,0.5684,0.5915,0.5892,0.5718,279513.24
1782414000,2026-06-25 19:00:00,0.5623,0.5742,0.571,0.5692,101692.69
1782417600,2026-06-25 20:00:00,0.5632,0.579,0.5694,0.5672,63751.06
1782421200,2026-06-25 21:00:00,0.5593,0.5707,0.5672,0.5692,101685.24
1782424800,2026-06-25 22:00:00,0.5683,0.5855,0.5691,0.5848,96467.98
1782428400,2026-06-25 23:00:00,0.5792,0.5926,0.5846,0.5847,97001.13
1782432000,2026-06-26 00:00:00,0.5735,0.5906,0.5848,0.5748,61935.47
1782435600,2026-06-26 01:00:00,0.5501,0.5746,0.5746,0.5515,143912.31
1782439200,2026-06-26 02:00:00,0.5351,0.5574,0.5512,0.5442,227042.78
1782442800,2026-06-26 03:00:00,0.5379,0.6007,0.544,0.6007,480636.15
1782446400,2026-06-26 04:00:00,0.5832,0.6209,0.6005,0.5885,359043.79
1782450000,2026-06-26 05:00:00,0.5886,0.6418,0.5886,0.6117,661707.99
1782453600,2026-06-26 06:00:00,0.5988,0.6226,0.612,0.6008,240207.12
1782457200,2026-06-26 07:00:00,0.5878,0.6033,0.6006,0.5935,228718.3
1782460800,2026-06-26 08:00:00,0.5768,0.5955,0.5934,0.5777,227120.79
1782464400,2026-06-26 09:00:00,0.5644,0.5833,0.5774,0.5707,110798.95
1782468000,2026-06-26 10:00:00,0.56,0.5758,0.5708,0.5621,188307.53
1782471600,2026-06-26 11:00:00,0.5552,0.57,0.5623,0.558,287453.61
1782475200,2026-06-26 12:00:00,0.5484,0.5613,0.558,0.5509,448098.64
1782478800,2026-06-26 13:00:00,0.5419,0.5551,0.5511,0.5513,184063.98
1782482400,2026-06-26 14:00:00,0.5364,0.5542,0.5514,0.5424,524567.98
1782486000,2026-06-26 15:00:00,0.5364,0.5475,0.5422,0.5423,84661.9
1782489600,2026-06-26 16:00:00,0.5416,0.5573,0.5423,0.5484,182198.51
1782493200,2026-06-26 17:00:00,0.5384,0.5476,0.5476,0.5408,197636.1
1782496800,2026-06-26 18:00:00,0.532,0.549,0.5406,0.5456,182244.01
1782500400,2026-06-26 19:00:00,0.5451,0.5595,0.5454,0.553,136255.13
1782504000,2026-06-26 20:00:00,0.5524,0.5694,0.5525,0.5631,100546.35
1782507600,2026-06-26 21:00:00,0.5594,0.59,0.5632,0.5594,330429
1782511200,2026-06-26 22:00:00,0.5534,0.5647,0.561,0.5614,79864.72
1782514800,2026-06-26 23:00:00,0.555,0.5632,0.5616,0.555,52186.96
1782518400,2026-06-27 00:00:00,0.5431,0.5606,0.5548,0.5492,95468.44
1782522000,2026-06-27 01:00:00,0.5366,0.5501,0.5496,0.5377,57453.36
1782525600,2026-06-27 02:00:00,0.5377,0.5597,0.5377,0.5521,50875.42
1782529200,2026-06-27 03:00:00,0.5499,0.566,0.5521,0.561,86769.53
1782532800,2026-06-27 04:00:00,0.5507,0.5724,0.5608,0.564,260411.05
1782536400,2026-06-27 05:00:00,0.5636,0.5826,0.5638,0.5792,352455.45
1782540000,2026-06-27 06:00:00,0.5731,0.615,0.5794,0.5876,199434.96
1782543600,2026-06-27 07:00:00,0.5767,0.5961,0.5878,0.5793,65735.52
1782547200,2026-06-27 08:00:00,0.5719,0.5863,0.579,0.5722,118812.81
1782550800,2026-06-27 09:00:00,0.5681,0.5839,0.5722,0.5821,426604.71
1782554400,2026-06-27 10:00:00,0.5546,0.5845,0.5822,0.5598,151703.66
1782558000,2026-06-27 11:00:00,0.551,0.5602,0.56,0.5539,39102.55
1782561600,2026-06-27 12:00:00,0.554,0.5821,0.554,0.5762,53791.28
1782565200,2026-06-27 13:00:00,0.5764,0.6081,0.5764,0.6071,108611.29
1782568800,2026-06-27 14:00:00,0.5896,0.6142,0.6076,0.5996,130916.18
1782572400,2026-06-27 15:00:00,0.5943,0.6415,0.5999,0.6278,545648.09
1782576000,2026-06-27 16:00:00,0.6173,0.6443,0.6279,0.6367,195180.68
1782579600,2026-06-27 17:00:00,0.6187,0.6386,0.6361,0.6233,200841.69
1782583200,2026-06-27 18:00:00,0.6231,0.6943,0.6232,0.6803,508390.88
1782586800,2026-06-27 19:00:00,0.6419,0.6961,0.68,0.6506,476493.93
1782590400,2026-06-27 20:00:00,0.6319,0.655,0.6501,0.6342,195830.23
1782594000,2026-06-27 21:00:00,0.6286,0.6631,0.634,0.657,319607.47
1782597600,2026-06-27 22:00:00,0.6422,0.679,0.6564,0.6764,359573.28
1782601200,2026-06-27 23:00:00,0.6638,0.6982,0.6756,0.6924,463052.68
1782604800,2026-06-28 00:00:00,0.6354,0.699,0.692,0.6412,489230.01
1782608400,2026-06-28 01:00:00,0.6095,0.6415,0.6415,0.6169,267189.67
1782612000,2026-06-28 02:00:00,0.6161,0.6335,0.6167,0.6297,109258.48
1782615600,2026-06-28 03:00:00,0.6246,0.6413,0.6294,0.6384,106665.62
1782619200,2026-06-28 04:00:00,0.598,0.6379,0.6379,0.6229,291715.65
1782622800,2026-06-28 05:00:00,0.608,0.6249,0.6225,0.6111,43694.74
1782626400,2026-06-28 06:00:00,0.6031,0.614,0.6104,0.609,50804.31
1782630000,2026-06-28 07:00:00,0.6045,0.6173,0.6093,0.6131,96752.3
1782633600,2026-06-28 08:00:00,0.6061,0.6506,0.6132,0.6476,169154.78
1782637200,2026-06-28 09:00:00,0.6251,0.6498,0.6487,0.626,231223.08
1782640800,2026-06-28 10:00:00,0.6229,0.6366,0.6256,0.6356,63635.5
1782644400,2026-06-28 11:00:00,0.6174,0.6429,0.6358,0.6222,92130.74
1782648000,2026-06-28 12:00:00,0.6171,0.6627,0.6214,0.662,197510.52
1782651600,2026-06-28 13:00:00,0.6305,0.6635,0.6626,0.634,264200.18
1782655200,2026-06-28 14:00:00,0.6253,0.6436,0.6333,0.6346,76854.08
1782658800,2026-06-28 15:00:00,0.6201,0.6389,0.6357,0.6276,85956.19
1782662400,2026-06-28 16:00:00,0.601,0.6276,0.6275,0.6044,112428.99
1782666000,2026-06-28 17:00:00,0.5936,0.6073,0.6039,0.6064,86213.09
1782669600,2026-06-28 18:00:00,0.5958,0.6071,0.6064,0.6048,36012.86
1782673200,2026-06-28 19:00:00,0.6027,0.6179,0.606,0.6127,80502.37
1782676800,2026-06-28 20:00:00,0.6059,0.6129,0.6121,0.6119,40399.67
1782680400,2026-06-28 21:00:00,0.6053,0.6205,0.6125,0.6108,123567.52
1782684000,2026-06-28 22:00:00,0.6009,0.6152,0.6101,0.6094,85427.15
1782687600,2026-06-28 23:00:00,0.6019,0.6223,0.61,0.6058,137104.15
1782691200,2026-06-29 00:00:00,0.5659,0.6142,0.605,0.5757,612472.47
1782694800,2026-06-29 01:00:00,0.5674,0.5758,0.5758,0.5685,144812.15
1782698400,2026-06-29 02:00:00,0.5586,0.5823,0.5682,0.5823,108161.15
1782702000,2026-06-29 03:00:00,0.583,0.5999,0.583,0.5906,107170.3
1782705600,2026-06-29 04:00:00,0.5885,0.5992,0.5903,0.5904,53707.95
1782709200,2026-06-29 05:00:00,0.5854,0.6279,0.5902,0.623,208639.7
1782712800,2026-06-29 06:00:00,0.6224,0.6509,0.6231,0.6384,143327.3
1782716400,2026-06-29 07:00:00,0.62,0.6476,0.638,0.6462,132846.78
1782720000,2026-06-29 08:00:00,0.6329,0.6673,0.6459,0.6462,366997.56
1782723600,2026-06-29 09:00:00,0.6408,0.6609,0.647,0.6557,136085.18
1782727200,2026-06-29 10:00:00,0.6572,0.6904,0.6572,0.6851,189262.94
1782730800,2026-06-29 11:00:00,0.6835,0.7955,0.684,0.7682,989324.03
1782734400,2026-06-29 12:00:00,0.7471,0.8066,0.7674,0.7722,566412.08
1782738000,2026-06-29 13:00:00,0.7667,0.8109,0.7712,0.7756,484183
1782741600,2026-06-29 14:00:00,0.7332,0.774,0.773,0.7379,907306.13
1782745200,2026-06-29 15:00:00,0.7345,0.791,0.738,0.7609,746517.45
1782748800,2026-06-29 16:00:00,0.7481,0.7786,0.76,0.7556,393199.76
1782752400,2026-06-29 17:00:00,0.7454,0.778,0.756,0.7503,567260.56
1782756000,2026-06-29 18:00:00,0.7486,0.7821,0.7499,0.773,481932.38
1782759600,2026-06-29 19:00:00,0.7511,0.7859,0.7726,0.7619,349329.37
1782763200,2026-06-29 20:00:00,0.7607,0.7775,0.7613,0.7709,301227.42
1782766800,2026-06-29 21:00:00,0.7534,0.7935,0.7715,0.7611,289485.93
1782770400,2026-06-29 22:00:00,0.7429,0.7619,0.7599,0.7535,144834.98
1782774000,2026-06-29 23:00:00,0.7511,0.7831,0.7532,0.7829,219224.01
1782777600,2026-06-30 00:00:00,0.7621,0.828,0.7816,0.7636,854057.74
1782781200,2026-06-30 01:00:00,0.726,0.7724,0.762,0.7449,966973.99
1782784800,2026-06-30 02:00:00,0.7308,0.7585,0.7447,0.7447,176826.1
1782788400,2026-06-30 03:00:00,0.7224,0.7539,0.7456,0.7253,274716.77
1782792000,2026-06-30 04:00:00,0.702,0.7278,0.7252,0.7107,288798.05
1782795600,2026-06-30 05:00:00,0.7041,0.719,0.7109,0.7159,206877.25
1782799200,2026-06-30 06:00:00,0.6951,0.7197,0.7159,0.716,213749.4
1782802800,2026-06-30 07:00:00,0.7074,0.75,0.7156,0.7434,739479.23
1782806400,2026-06-30 08:00:00,0.7256,0.7466,0.7429,0.7398,266792.61
1782810000,2026-06-30 09:00:00,0.739,0.7693,0.7409,0.7539,397052.72
1782813600,2026-06-30 10:00:00,0.7206,0.7551,0.7551,0.7368,443516.61
1782817200,2026-06-30 11:00:00,0.6993,0.7386,0.7362,0.7028,593384.69
1782820800,2026-06-30 12:00:00,0.6635,0.7067,0.7031,0.6708,672120.24
1782824400,2026-06-30 13:00:00,0.635,0.6697,0.6697,0.641,526961.66
1782828000,2026-06-30 14:00:00,0.6396,0.6675,0.642,0.662,279438.89
1782831600,2026-06-30 15:00:00,0.6473,0.6634,0.6622,0.6499,203219.04
1782835200,2026-06-30 16:00:00,0.6396,0.6553,0.65,0.6525,180068.64
1782838800,2026-06-30 17:00:00,0.6461,0.6898,0.6524,0.6871,589955.47
1782842400,2026-06-30 18:00:00,0.6711,0.7015,0.6873,0.6816,284000.71
1782846000,2026-06-30 19:00:00,0.6677,0.682,0.6812,0.6748,86280.39
1782849600,2026-06-30 20:00:00,0.6504,0.6779,0.6749,0.6568,373427
1782853200,2026-06-30 21:00:00,0.6481,0.6619,0.657,0.6594,79718.28
1782856800,2026-06-30 22:00:00,0.6573,0.6644,0.6587,0.6589,45023.46
1782860400,2026-06-30 23:00:00,0.647,0.6614,0.6592,0.6483,59221.88
1782864000,2026-07-01 00:00:00,0.6389,0.6726,0.6477,0.67,283556.97
1782867600,2026-07-01 01:00:00,0.6607,0.6817,0.6699,0.6708,297735.28
1782871200,2026-07-01 02:00:00,0.6655,0.6981,0.6705,0.6742,273537.11
1782874800,2026-07-01 03:00:00,0.6563,0.6743,0.674,0.6732,139299.17
1782878400,2026-07-01 04:00:00,0.6598,0.6783,0.6731,0.6632,111270.84
1782882000,2026-07-01 05:00:00,0.6475,0.6654,0.6631,0.6544,84816.11
1782885600,2026-07-01 06:00:00,0.6392,0.6541,0.6541,0.6404,70222.42
1782889200,2026-07-01 07:00:00,0.6403,0.6519,0.6403,0.6479,87515.9
1782892800,2026-07-01 08:00:00,0.6223,0.6474,0.6474,0.6289,138316.06
1782896400,2026-07-01 09:00:00,0.624,0.6361,0.6291,0.6284,35292.72
1782900000,2026-07-01 10:00:00,0.6185,0.6292,0.6292,0.6211,51821.33
1782903600,2026-07-01 11:00:00,0.6193,0.6277,0.6218,0.6193,49821.46
1782907200,2026-07-01 12:00:00,0.61,0.6206,0.619,0.6151,212405.76
1782910800,2026-07-01 13:00:00,0.6155,0.6269,0.616,0.6251,269621.43
1782914400,2026-07-01 14:00:00,0.6196,0.6324,0.623,0.6225,89714.83
1782918000,2026-07-01 15:00:00,0.6208,0.6345,0.6221,0.629,74472.46
1782921600,2026-07-01 16:00:00,0.6259,0.6431,0.6283,0.6301,130000.38
1782925200,2026-07-01 17:00:00,0.6152,0.6313,0.6305,0.6152,48926.52
1782928800,2026-07-01 18:00:00,0.602,0.624,0.6168,0.6099,388805.16
1782932400,2026-07-01 19:00:00,0.5998,0.6165,0.6096,0.6011,75971.53
1782936000,2026-07-01 20:00:00,0.5924,0.6014,0.5998,0.6006,170090.55
1782939600,2026-07-01 21:00:00,0.5993,0.6083,0.6008,0.6078,75887.28
1782943200,2026-07-01 22:00:00,0.5917,0.6077,0.607,0.5974,99542.17
1782946800,2026-07-01 23:00:00,0.583,0.5987,0.5978,0.5851,71540.98
1782950400,2026-07-02 00:00:00,0.5799,0.6129,0.5855,0.6074,305169.12
1782954000,2026-07-02 01:00:00,0.5984,0.6152,0.6071,0.6025,196948.63
1782957600,2026-07-02 02:00:00,0.597,0.6051,0.6028,0.6042,70909.76
1782961200,2026-07-02 03:00:00,0.6029,0.6096,0.6039,0.6096,62218.19
1782964800,2026-07-02 04:00:00,0.5916,0.609,0.609,0.6066,101979.33
1782968400,2026-07-02 05:00:00,0.595,0.6101,0.6063,0.595,127008.66
1782972000,2026-07-02 06:00:00,0.5869,0.6016,0.5948,0.6014,121294.97
1782975600,2026-07-02 07:00:00,0.5954,0.6236,0.6016,0.6205,131181.34
1782979200,2026-07-02 08:00:00,0.614,0.6278,0.6209,0.6186,196368.55
1782982800,2026-07-02 09:00:00,0.608,0.6187,0.6179,0.6137,115487.43
1782986400,2026-07-02 10:00:00,0.6107,0.6493,0.6135,0.6331,216036.33
1782990000,2026-07-02 11:00:00,0.6238,0.6459,0.6334,0.6256,87220.45
1782993600,2026-07-02 12:00:00,0.6241,0.6401,0.6258,0.6331,120359.06
1782997200,2026-07-02 13:00:00,0.6231,0.6723,0.6328,0.67,162841.27
1783000800,2026-07-02 14:00:00,0.6549,0.6935,0.6698,0.6652,358937.91
1783004400,2026-07-02 15:00:00,0.6598,0.7067,0.6661,0.6998,266929.38
1783008000,2026-07-02 16:00:00,0.6755,0.7034,0.6991,0.6861,226423.41
1783011600,2026-07-02 17:00:00,0.6807,0.726,0.6858,0.7232,302154.38
1783015200,2026-07-02 18:00:00,0.7057,0.7347,0.7243,0.7319,201227.12
1783018800,2026-07-02 19:00:00,0.723,0.7538,0.7331,0.7254,369620.3
1783022400,2026-07-02 20:00:00,0.6938,0.7287,0.7261,0.6947,436009.48
1783026000,2026-07-02 21:00:00,0.6873,0.7061,0.6955,0.7024,112042.85
1783029600,2026-07-02 22:00:00,0.6922,0.7154,0.7021,0.6936,236219.65
1783033200,2026-07-02 23:00:00,0.6799,0.6948,0.6941,0.6879,228889.05
1783036800,2026-07-03 00:00:00,0.676,0.7022,0.6876,0.6796,153140.37
1783040400,2026-07-03 01:00:00,0.6766,0.7158,0.6791,0.7108,214650.34
1783044000,2026-07-03 02:00:00,0.688,0.7201,0.7113,0.6978,128931
1783047600,2026-07-03 03:00:00,0.6788,0.6981,0.6979,0.6822,252281.91
1783051200,2026-07-03 04:00:00,0.6694,0.6936,0.6831,0.6785,300852.55
1783054800,2026-07-03 05:00:00,0.6484,0.6785,0.6785,0.6505,398136.75
1783058400,2026-07-03 06:00:00,0.6373,0.6579,0.6504,0.6431,235946.32
1783062000,2026-07-03 07:00:00,0.6234,0.6445,0.6429,0.6283,233996.51
1783065600,2026-07-03 08:00:00,0.6125,0.6372,0.6282,0.6341,351553.8
1783069200,2026-07-03 09:00:00,0.6168,0.6399,0.6354,0.6209,292447.92
1783072800,2026-07-03 10:00:00,0.6186,0.629,0.6202,0.626,161469.61
1783076400,2026-07-03 11:00:00,0.6229,0.6359,0.6259,0.6354,85772.17
1783080000,2026-07-03 12:00:00,0.6293,0.6573,0.6348,0.6515,240968.48
1783083600,2026-07-03 13:00:00,0.6404,0.6569,0.6516,0.6537,318060.06
1783087200,2026-07-03 14:00:00,0.636,0.6555,0.6532,0.6411,244593.94
1783090800,2026-07-03 15:00:00,0.6248,0.6404,0.6402,0.6259,119413.23
1783094400,2026-07-03 16:00:00,0.6226,0.6393,0.6253,0.6368,215002.89
1783098000,2026-07-03 17:00:00,0.63,0.6424,0.636,0.6339,112200.51
1783101600,2026-07-03 18:00:00,0.6255,0.6344,0.6344,0.6263,60116.63
1783105200,2026-07-03 19:00:00,0.6235,0.6289,0.6276,0.6255,65003.66
1783108800,2026-07-03 20:00:00,0.6222,0.6329,0.6243,0.63,76107.19
1783112400,2026-07-03 21:00:00,0.6241,0.6315,0.6304,0.6277,81034.49
1783116000,2026-07-03 22:00:00,0.6205,0.6299,0.6275,0.6252,86802.18
1783119600,2026-07-03 23:00:00,0.619,0.6278,0.6258,0.6217,104650.65
1783123200,2026-07-04 00:00:00,0.6165,0.6409,0.6213,0.6409,478187.59
1783126800,2026-07-04 01:00:00,0.61,0.6405,0.6391,0.6107,491318.33
1783130400,2026-07-04 02:00:00,0.6075,0.632,0.6106,0.6297,187986.61
1783134000,2026-07-04 03:00:00,0.6244,0.6335,0.63,0.6325,152982.53
1783137600,2026-07-04 04:00:00,0.6196,0.6319,0.6319,0.621,132237.42
1783141200,2026-07-04 05:00:00,0.6121,0.622,0.6214,0.6135,88061.1
1783144800,2026-07-04 06:00:00,0.6115,0.6325,0.6143,0.6273,128769.41
1783148400,2026-07-04 07:00:00,0.625,0.6353,0.6269,0.6257,90508.9
1783152000,2026-07-04 08:00:00,0.6195,0.6351,0.6249,0.6236,76553.96
1783155600,2026-07-04 09:00:00,0.621,0.644,0.6238,0.639,132013.94
1783159200,2026-07-04 10:00:00,0.6307,0.6406,0.6396,0.6322,75933.95
1783162800,2026-07-04 11:00:00,0.6262,0.6331,0.632,0.628,43255.68
1783166400,2026-07-04 12:00:00,0.614,0.6316,0.6279,0.6182,209452.07
1783170000,2026-07-04 13:00:00,0.6168,0.6232,0.6186,0.6211,121577.34
1783173600,2026-07-04 14:00:00,0.6194,0.6279,0.6209,0.6255,83973.84
1783177200,2026-07-04 15:00:00,0.6248,0.633,0.6253,0.6315,170531.48
1783180800,2026-07-04 16:00:00,0.6262,0.6338,0.6307,0.6289,80102
1783184400,2026-07-04 17:00:00,0.6248,0.6378,0.6272,0.6356,107803.84
1783188000,2026-07-04 18:00:00,0.629,0.6368,0.6365,0.633,43508.52
1783191600,2026-07-04 19:00:00,0.6322,0.6481,0.6335,0.6406,185252.99
1783195200,2026-07-04 20:00:00,0.6353,0.6432,0.6406,0.6376,34057.54
1783198800,2026-07-04 21:00:00,0.6313,0.6381,0.6372,0.6362,65742.93
1783202400,2026-07-04 22:00:00,0.6336,0.6491,0.6369,0.6342,99514.19
1783206000,2026-07-04 23:00:00,0.6296,0.6404,0.634,0.6332,56362.4
1783209600,2026-07-05 00:00:00,0.6294,0.6454,0.6329,0.6415,171852.92
1783213200,2026-07-05 01:00:00,0.6351,0.669,0.6418,0.6441,438238.83
1783216800,2026-07-05 02:00:00,0.6348,0.6775,0.6442,0.6723,280567.25
1783220400,2026-07-05 03:00:00,0.6574,0.6813,0.6718,0.6642,274687.36
1783224000,2026-07-05 04:00:00,0.6501,0.6745,0.664,0.6523,149235.77
1783227600,2026-07-05 05:00:00,0.6484,0.6816,0.6511,0.6642,264166.61
1783231200,2026-07-05 06:00:00,0.6511,0.6659,0.6658,0.6512,113045.39
1783234800,2026-07-05 07:00:00,0.6511,0.6644,0.6511,0.6564,117870.92
1783238400,2026-07-05 08:00:00,0.6368,0.6655,0.6563,0.639,212338.98
1783242000,2026-07-05 09:00:00,0.6254,0.6425,0.6384,0.6287,87863.7
1783245600,2026-07-05 10:00:00,0.6268,0.6424,0.6292,0.6316,134029.39
1783249200,2026-07-05 11:00:00,0.6293,0.6388,0.6315,0.634,135108.3
1783252800,2026-07-05 12:00:00,0.632,0.6477,0.6342,0.6375,74406.03
1783256400,2026-07-05 13:00:00,0.6298,0.6381,0.6368,0.6343,99385.51
1783260000,2026-07-05 14:00:00,0.6292,0.6382,0.6345,0.6363,71183.89
1783263600,2026-07-05 15:00:00,0.6256,0.6373,0.6369,0.6294,91221.77
1783267200,2026-07-05 16:00:00,0.6236,0.6337,0.6297,0.6314,102849.86
1783270800,2026-07-05 17:00:00,0.6259,0.6335,0.631,0.6285,32934.24
1783274400,2026-07-05 18:00:00,0.6083,0.6464,0.6289,0.6338,259475.78
1783278000,2026-07-05 19:00:00,0.6301,0.6391,0.6339,0.6319,36093.51
1783281600,2026-07-05 20:00:00,0.6286,0.6356,0.6321,0.6337,28891.96
1783285200,2026-07-05 21:00:00,0.6322,0.6563,0.6338,0.6487,169718.42
1783288800,2026-07-05 22:00:00,0.6447,0.6524,0.6488,0.6453,94775.77
1783292400,2026-07-05 23:00:00,0.6414,0.6484,0.6447,0.6457,41424.59
1783296000,2026-07-06 00:00:00,0.6323,0.6648,0.6459,0.6339,534329.84
1783299600,2026-07-06 01:00:00,0.6274,0.6439,0.6339,0.6376,246153.38
1783303200,2026-07-06 02:00:00,0.63,0.6421,0.6375,0.631,54110.82
1783306800,2026-07-06 03:00:00,0.6257,0.6335,0.631,0.6276,36382.41
1783310400,2026-07-06 04:00:00,0.6185,0.6267,0.6265,0.6206,63448.74
1783314000,2026-07-06 05:00:00,0.6185,0.626,0.6206,0.6252,30843.74
1783317600,2026-07-06 06:00:00,0.6212,0.6272,0.6243,0.6249,25579.77
1783321200,2026-07-06 07:00:00,0.613,0.6245,0.6245,0.6173,107041.33
1783324800,2026-07-06 08:00:00,0.6017,0.6203,0.6171,0.6062,162919.51
1783328400,2026-07-06 09:00:00,0.6009,0.6122,0.6062,0.6115,104153.57
1783332000,2026-07-06 10:00:00,0.6079,0.6163,0.6115,0.6122,47068.66
1783335600,2026-07-06 11:00:00,0.6094,0.6195,0.6119,0.6101,148192.42
1783339200,2026-07-06 12:00:00,0.6023,0.6186,0.6099,0.6163,118613.82
1783342800,2026-07-06 13:00:00,0.6105,0.6206,0.6151,0.6192,90235.67
1783346400,2026-07-06 14:00:00,0.6178,0.6296,0.6203,0.6234,201892.54
1783350000,2026-07-06 15:00:00,0.6209,0.6445,0.6233,0.6434,76981.73
1783353600,2026-07-06 16:00:00,0.6368,0.647,0.6427,0.6373,109996.55
1783357200,2026-07-06 17:00:00,0.6264,0.6395,0.6375,0.6284,118978.07
1783360800,2026-07-06 18:00:00,0.626,0.6576,0.6282,0.6499,226161.18
1783364400,2026-07-06 19:00:00,0.6406,0.6556,0.6509,0.6411,201219.3
1783368000,2026-07-06 20:00:00,0.6379,0.6451,0.6413,0.6431,47732.14
1783371600,2026-07-06 21:00:00,0.6419,0.6561,0.6426,0.6536,113345.62
1783375200,2026-07-06 22:00:00,0.6439,0.6611,0.6546,0.6488,99221.48
1783378800,2026-07-06 23:00:00,0.6472,0.6581,0.6488,0.6573,44192.64
1783382400,2026-07-07 00:00:00,0.644,0.6586,0.6576,0.6447,116895.43
1783386000,2026-07-07 01:00:00,0.6426,0.6517,0.6443,0.6486,73332.41
1783389600,2026-07-07 02:00:00,0.6355,0.6488,0.6488,0.6432,48556.33
1783393200,2026-07-07 03:00:00,0.6409,0.6591,0.6437,0.6568,82491.47
1783396800,2026-07-07 04:00:00,0.6502,0.6614,0.6569,0.6602,128971.21
1783400400,2026-07-07 05:00:00,0.6504,0.6643,0.6603,0.6569,124271.29
1783404000,2026-07-07 06:00:00,0.6462,0.659,0.658,0.6507,38426
1783407600,2026-07-07 07:00:00,0.6439,0.6597,0.6507,0.6589,108286.89
1783411200,2026-07-07 08:00:00,0.6527,0.7014,0.6587,0.6943,316495.19
1783414800,2026-07-07 09:00:00,0.6865,0.7231,0.6952,0.7222,421083.96
1783418400,2026-07-07 10:00:00,0.6976,0.7233,0.7227,0.7153,262043.86
1783422000,2026-07-07 11:00:00,0.7042,0.7524,0.7148,0.7435,339158.71
1783425600,2026-07-07 12:00:00,0.6966,0.7546,0.7445,0.7119,364755.32
1783429200,2026-07-07 13:00:00,0.7005,0.7224,0.7122,0.7074,178580.44
1783432800,2026-07-07 14:00:00,0.6974,0.7159,0.7078,0.705,190575.96
1783436400,2026-07-07 15:00:00,0.694,0.7158,0.7048,0.7009,146044.17
1783440000,2026-07-07 16:00:00,0.6844,0.7022,0.7012,0.6863,124886.66
1783443600,2026-07-07 17:00:00,0.6608,0.688,0.6873,0.6627,248234.4
1783447200,2026-07-07 18:00:00,0.6462,0.6644,0.6627,0.6517,178062.65
1783450800,2026-07-07 19:00:00,0.6439,0.6578,0.6523,0.6569,90217.46
1783454400,2026-07-07 20:00:00,0.6405,0.6578,0.657,0.643,107171.93
1783458000,2026-07-07 21:00:00,0.6315,0.6439,0.6436,0.6378,232659.75
1783461600,2026-07-07 22:00:00,0.6285,0.6369,0.6369,0.6317,67807.52
1783465200,2026-07-07 23:00:00,0.6276,0.6357,0.632,0.6325,29351.4
1783468800,2026-07-08 00:00:00,0.6194,0.6373,0.633,0.6332,83481.09
1783472400,2026-07-08 01:00:00,0.6155,0.6361,0.6338,0.6207,129870.12
1783476000,2026-07-08 02:00:00,0.6079,0.6199,0.6198,0.6143,138633.25
1783479600,2026-07-08 03:00:00,0.6135,0.6344,0.6141,0.6305,246442.99
1783483200,2026-07-08 04:00:00,0.6263,0.646,0.63,0.6442,131885.92
1783486800,2026-07-08 05:00:00,0.6329,0.6491,0.644,0.6399,69408.35
1783490400,2026-07-08 06:00:00,0.6214,0.6413,0.6413,0.6263,52258.49
1783494000,2026-07-08 07:00:00,0.6211,0.6348,0.6261,0.6291,203404.5
1783497600,2026-07-08 08:00:00,0.6153,0.6355,0.6284,0.6171,71033.42
1783501200,2026-07-08 09:00:00,0.6123,0.6217,0.6171,0.6186,52185.83
1783504800,2026-07-08 10:00:00,0.6149,0.6252,0.6189,0.6205,85998.57
1783508400,2026-07-08 11:00:00,0.6213,0.6317,0.6213,0.6272,24973.09
1783512000,2026-07-08 12:00:00,0.6029,0.6274,0.6274,0.6069,87202.73
1783515600,2026-07-08 13:00:00,0.5923,0.6077,0.6069,0.5978,161661.57
1783519200,2026-07-08 14:00:00,0.5934,0.6046,0.5987,0.6038,51317.82
1783522800,2026-07-08 15:00:00,0.5897,0.6038,0.6035,0.5953,115863.49
1783526400,2026-07-08 16:00:00,0.5924,0.6123,0.5954,0.6084,95832.51
1783530000,2026-07-08 17:00:00,0.6044,0.6128,0.6084,0.6104,156199.6
1783533600,2026-07-08 18:00:00,0.606,0.6159,0.61,0.6084,25724.26
1783537200,2026-07-08 19:00:00,0.6029,0.61,0.6082,0.6073,39995.2
1783540800,2026-07-08 20:00:00,0.5996,0.607,0.607,0.5996,19952.95
1783544400,2026-07-08 21:00:00,0.5965,0.6133,0.5994,0.6087,47822.59
1783548000,2026-07-08 22:00:00,0.6051,0.6139,0.6087,0.6058,28558.03
1783551600,2026-07-08 23:00:00,0.6014,0.6091,0.6057,0.603,33703.29
1783555200,2026-07-09 00:00:00,0.6004,0.605,0.6031,0.6012,30696.4
1783558800,2026-07-09 01:00:00,0.6006,0.6103,0.6012,0.6027,60305.12
1783562400,2026-07-09 02:00:00,0.5982,0.6057,0.6023,0.6057,41596.53
1783566000,2026-07-09 03:00:00,0.606,0.6192,0.606,0.6151,89832.55
1783569600,2026-07-09 04:00:00,0.6108,0.6216,0.6145,0.6132,174285.2
1783573200,2026-07-09 05:00:00,0.6082,0.6197,0.6126,0.6082,49481.38
1783576800,2026-07-09 06:00:00,0.6062,0.6114,0.6077,0.6096,20962.22
1783580400,2026-07-09 07:00:00,0.5991,0.6105,0.6096,0.5991,74733.01
1783584000,2026-07-09 08:00:00,0.5975,0.6071,0.5994,0.6047,38488.35
1783587600,2026-07-09 09:00:00,0.5885,0.6058,0.6058,0.595,215078.11
1783591200,2026-07-09 10:00:00,0.5943,0.6021,0.5954,0.6008,48091.94
1783594800,2026-07-09 11:00:00,0.6001,0.6091,0.6002,0.6046,27303.98
1783598400,2026-07-09 12:00:00,0.5961,0.6048,0.6041,0.5962,66986.78
1783602000,2026-07-09 13:00:00,0.5946,0.5988,0.5964,0.5953,85517.68
1783605600,2026-07-09 14:00:00,0.5942,0.5976,0.5957,0.5951,13983.89
1783609200,2026-07-09 15:00:00,0.5938,0.6006,0.5941,0.5942,26504.5
1783612800,2026-07-09 16:00:00,0.5782,0.5924,0.5924,0.5829,93141.49
1783616400,2026-07-09 17:00:00,0.5819,0.5999,0.5819,0.5958,111254.54
1783620000,2026-07-09 18:00:00,0.5935,0.6003,0.5968,0.5945,69245.94
1783623600,2026-07-09 19:00:00,0.5906,0.596,0.5941,0.5918,31104.35
1783627200,2026-07-09 20:00:00,0.5904,0.5988,0.5916,0.5934,23535.54
1783630800,2026-07-09 21:00:00,0.5878,0.5948,0.5917,0.5888,26774.05
1783634400,2026-07-09 22:00:00,0.5874,0.5924,0.589,0.5924,58213.55
1783638000,2026-07-09 23:00:00,0.5837,0.5908,0.5901,0.5845,23544.22
1783641600,2026-07-10 00:00:00,0.5804,0.588,0.5845,0.5835,30448.59
1783645200,2026-07-10 01:00:00,0.5786,0.5911,0.5818,0.5871,63304.37
1783648800,2026-07-10 02:00:00,0.58,0.5879,0.5868,0.58,26659.28
1783652400,2026-07-10 03:00:00,0.5793,0.5833,0.5801,0.5833,46873.08
1783656000,2026-07-10 04:00:00,0.5828,0.5878,0.5829,0.5828,22709.91
1783659600,2026-07-10 05:00:00,0.58,0.5848,0.5826,0.5811,29701.98
1783663200,2026-07-10 06:00:00,0.5741,0.5813,0.5803,0.5764,42241.97
1783666800,2026-07-10 07:00:00,0.5694,0.5756,0.5753,0.5705,74643.14
1783670400,2026-07-10 08:00:00,0.5643,0.5746,0.5705,0.5702,54560.53
1783674000,2026-07-10 09:00:00,0.5688,0.5751,0.5696,0.5715,25436.49
1783677600,2026-07-10 10:00:00,0.5723,0.5881,0.5724,0.5852,75295.56
1783681200,2026-07-10 11:00:00,0.5759,0.5899,0.5858,0.5761,38246.24
1783684800,2026-07-10 12:00:00,0.5732,0.5775,0.5768,0.5758,61457.37
1783688400,2026-07-10 13:00:00,0.576,0.5836,0.5766,0.5807,57430.57
1783692000,2026-07-10 14:00:00,0.576,0.584,0.5802,0.5771,40841.7
1783695600,2026-07-10 15:00:00,0.5765,0.581,0.5774,0.579,54629.09
1783699200,2026-07-10 16:00:00,0.5719,0.5788,0.5788,0.5765,38389.83
1783702800,2026-07-10 17:00:00,0.5747,0.5802,0.5767,0.5758,13175
1783706400,2026-07-10 18:00:00,0.5693,0.576,0.5748,0.571,23373.14
1783710000,2026-07-10 19:00:00,0.5696,0.5748,0.571,0.57,26080.98
1783713600,2026-07-10 20:00:00,0.5695,0.5743,0.5703,0.5727,10555.7
1783717200,2026-07-10 21:00:00,0.5698,0.5773,0.5733,0.574,21937.48
1783720800,2026-07-10 22:00:00,0.5707,0.5752,0.5745,0.5723,18104.39
1783724400,2026-07-10 23:00:00,0.5711,0.5748,0.5713,0.5744,5404.4
1783728000,2026-07-11 00:00:00,0.5733,0.5954,0.5735,0.5873,169727.42
1783731600,2026-07-11 01:00:00,0.5837,0.5955,0.5866,0.5857,80936.91
1783735200,2026-07-11 02:00:00,0.5756,0.586,0.5857,0.5777,80754.76
1783738800,2026-07-11 03:00:00,0.5773,0.584,0.5783,0.58,15095.15
1783742400,2026-07-11 04:00:00,0.5678,0.5805,0.5805,0.5706,46393.34
1783746000,2026-07-11 05:00:00,0.5701,0.5748,0.5706,0.5719,19400.08
1783749600,2026-07-11 06:00:00,0.5719,0.5918,0.5725,0.588,120706.83
1783753200,2026-07-11 07:00:00,0.5861,0.5978,0.5893,0.5939,71489.28
1783756800,2026-07-11 08:00:00,0.5883,0.5988,0.5941,0.5927,70518.3
1783760400,2026-07-11 09:00:00,0.5914,0.6058,0.5944,0.595,133238.69
1783764000,2026-07-11 10:00:00,0.5817,0.5935,0.5935,0.582,46238.23
1783767600,2026-07-11 11:00:00,0.5783,0.5838,0.5822,0.5784,13973.82
1783771200,2026-07-11 12:00:00,0.5781,0.5823,0.5785,0.5795,87505.8
1783774800,2026-07-11 13:00:00,0.5769,0.5924,0.5791,0.5859,184364.66
1783778400,2026-07-11 14:00:00,0.5837,0.5924,0.5867,0.584,43188.46
1783782000,2026-07-11 15:00:00,0.5817,0.5871,0.5838,0.5858,56459.22
1783785600,2026-07-11 16:00:00,0.5818,0.5909,0.5852,0.5856,54818.99
1783789200,2026-07-11 17:00:00,0.582,0.5863,0.5854,0.5856,39549.65
1783792800,2026-07-11 18:00:00,0.5828,0.5878,0.5856,0.5868,15476.57
1783796400,2026-07-11 19:00:00,0.5851,0.5919,0.5876,0.5888,44116.47
1783800000,2026-07-11 20:00:00,0.5847,0.5896,0.5895,0.5856,19514.85
1783803600,2026-07-11 21:00:00,0.5834,0.5889,0.5875,0.5857,20770.93
1783807200,2026-07-11 22:00:00,0.5846,0.5889,0.5857,0.587,7001.02
1783810800,2026-07-11 23:00:00,0.5775,0.5886,0.5874,0.5806,52991.57
1783814400,2026-07-12 00:00:00,0.5694,0.5805,0.5805,0.5702,248434.75
1783818000,2026-07-12 01:00:00,0.5692,0.5888,0.5707,0.5829,115232.06
1783821600,2026-07-12 02:00:00,0.5797,0.5882,0.5828,0.5845,51158.63
1783825200,2026-07-12 03:00:00,0.5778,0.5862,0.5845,0.582,34223.66
1783828800,2026-07-12 04:00:00,0.5767,0.5827,0.5804,0.5767,43645.54
1783832400,2026-07-12 05:00:00,0.5766,0.5862,0.5772,0.5849,28994.04
1783836000,2026-07-12 06:00:00,0.5732,0.5843,0.5841,0.5746,59114.75
1783839600,2026-07-12 07:00:00,0.5743,0.584,0.5743,0.5827,30721.75
1783843200,2026-07-12 08:00:00,0.5752,0.5854,0.5827,0.5761,20133.67
1783846800,2026-07-12 09:00:00,0.5744,0.5789,0.575,0.5786,20187.23
1783850400,2026-07-12 10:00:00,0.573,0.5784,0.5783,0.573,8680.35
1783854000,2026-07-12 11:00:00,0.5721,0.5796,0.573,0.5796,4752.23
1783857600,2026-07-12 12:00:00,0.5762,0.5811,0.5796,0.5762,58811.67
1783861200,2026-07-12 13:00:00,0.5709,0.5759,0.5747,0.5741,12252.82
1783864800,2026-07-12 14:00:00,0.5725,0.5783,0.5738,0.5731,18386.09
1783868400,2026-07-12 15:00:00,0.5714,0.5755,0.573,0.5714,8831.66
1783872000,2026-07-12 16:00:00,0.5661,0.5718,0.5717,0.5667,38640.98
1783875600,2026-07-12 17:00:00,0.5661,0.5721,0.5666,0.5676,42721.96
1783879200,2026-07-12 18:00:00,0.5674,0.5704,0.5686,0.5704,7878.39
1783882800,2026-07-12 19:00:00,0.5665,0.5707,0.5702,0.567,30729.27
1783886400,2026-07-12 20:00:00,0.5658,0.5687,0.5664,0.5662,54665.92
1783890000,2026-07-12 21:00:00,0.5578,0.5659,0.5657,0.559,82429.55
1783893600,2026-07-12 22:00:00,0.5559,0.5603,0.5589,0.5559,34294.95
1783897200,2026-07-12 23:00:00,0.5558,0.5593,0.5566,0.5578,26443.57
1783900800,2026-07-13 00:00:00,0.5426,0.5631,0.5567,0.5441,131096.23
1783904400,2026-07-13 01:00:00,0.525,0.5445,0.5443,0.529,264806.7
1783908000,2026-07-13 02:00:00,0.515,0.5298,0.5294,0.516,102586.94
1783911600,2026-07-13 03:00:00,0.5102,0.5183,0.5156,0.5142,115962
1783915200,2026-07-13 04:00:00,0.513,0.53,0.5144,0.5292,102435.18
1783918800,2026-07-13 05:00:00,0.5282,0.5426,0.5287,0.53,232052.63
1783922400,2026-07-13 06:00:00,0.527,0.5395,0.5309,0.5343,283701.86
1783926000,2026-07-13 07:00:00,0.5309,0.5382,0.5353,0.5353,119163.51
1783929600,2026-07-13 08:00:00,0.5312,0.5393,0.5336,0.5362,72674.16
1783933200,2026-07-13 09:00:00,0.5333,0.5467,0.536,0.5461,178141.64
1783936800,2026-07-13 10:00:00,0.5417,0.5535,0.5457,0.5435,104569.32
1783940400,2026-07-13 11:00:00,0.5377,0.5428,0.5427,0.5383,83735.13
1783944000,2026-07-13 12:00:00,0.5385,0.5486,0.539,0.5447,201173.61
1783947600,2026-07-13 13:00:00,0.537,0.547,0.545,0.5384,61383.44
1783951200,2026-07-13 14:00:00,0.5332,0.5383,0.5383,0.5374,214716.45
1783954800,2026-07-13 15:00:00,0.536,0.5447,0.5377,0.5385,192245.27
1783958400,2026-07-13 16:00:00,0.5337,0.5444,0.5383,0.5371,202412.92
1783962000,2026-07-13 17:00:00,0.5274,0.5387,0.5368,0.5302,78495.69
1783965600,2026-07-13 18:00:00,0.5287,0.5351,0.5304,0.5291,66560.96
1783969200,2026-07-13 19:00:00,0.5231,0.5313,0.5296,0.5243,45793.78
1783972800,2026-07-13 20:00:00,0.5231,0.5289,0.5242,0.5289,22297.78
1783976400,2026-07-13 21:00:00,0.5219,0.5311,0.529,0.5236,41001.32
1783980000,2026-07-13 22:00:00,0.5225,0.5343,0.524,0.5315,61136.25
1783983600,2026-07-13 23:00:00,0.5246,0.5319,0.5311,0.5258,46179.46
1783987200,2026-07-14 00:00:00,0.5228,0.5358,0.5263,0.5327,228131.36
1783990800,2026-07-14 01:00:00,0.532,0.5418,0.5322,0.5376,90505.82
1783994400,2026-07-14 02:00:00,0.5347,0.5445,0.5371,0.5411,56953.01
1783998000,2026-07-14 03:00:00,0.5294,0.5429,0.541,0.536,167251.82
1784001600,2026-07-14 04:00:00,0.5312,0.5378,0.5362,0.534,35400.82
1784005200,2026-07-14 05:00:00,0.5341,0.5398,0.5343,0.5369,45007.35
1784008800,2026-07-14 06:00:00,0.5366,0.5534,0.5366,0.5409,136292.78
1784012400,2026-07-14 07:00:00,0.5314,0.5455,0.5413,0.5335,84453.51
1784016000,2026-07-14 08:00:00,0.5269,0.5336,0.5336,0.5293,36061.18
1784019600,2026-07-14 09:00:00,0.5234,0.5292,0.5292,0.5255,20384
1784023200,2026-07-14 10:00:00,0.523,0.5289,0.5252,0.5254,160167.78
1784026800,2026-07-14 11:00:00,0.525,0.5293,0.5256,0.5287,35894.78
1784030400,2026-07-14 12:00:00,0.526,0.5354,0.5288,0.5339,119961.39
1784034000,2026-07-14 13:00:00,0.5273,0.5351,0.5324,0.5327,99096.74
1784037600,2026-07-14 14:00:00,0.5294,0.5373,0.5331,0.5342,36834.9
1784041200,2026-07-14 15:00:00,0.5334,0.5442,0.5339,0.5405,152265.15
1784044800,2026-07-14 16:00:00,0.5318,0.5407,0.5404,0.5361,43542.64
1784048400,2026-07-14 17:00:00,0.5315,0.5362,0.5362,0.534,9972.05
1784052000,2026-07-14 18:00:00,0.5288,0.5338,0.5338,0.5315,64452.91
1784055600,2026-07-14 19:00:00,0.5276,0.5317,0.5317,0.5298,14076.01
1784059200,2026-07-14 20:00:00,0.5276,0.534,0.5288,0.5335,42722.58
1784062800,2026-07-14 21:00:00,0.5286,0.5345,0.5334,0.5294,26186.42
1784066400,2026-07-14 22:00:00,0.5272,0.5317,0.529,0.5274,89582.75
1784070000,2026-07-14 23:00:00,0.5259,0.5287,0.5263,0.5266,16465.05
1784073600,2026-07-15 00:00:00,0.5236,0.5296,0.5267,0.5264,168162.32
1784077200,2026-07-15 01:00:00,0.5255,0.5299,0.5266,0.5274,41039.96
1784080800,2026-07-15 02:00:00,0.5169,0.5264,0.5264,0.5207,71112.98
1784084400,2026-07-15 03:00:00,0.5179,0.5243,0.5204,0.5199,81419.31
1784088000,2026-07-15 04:00:00,0.5139,0.52,0.52,0.5163,29058.99
1784091600,2026-07-15 05:00:00,0.5045,0.5168,0.5166,0.5104,39464.01
1784095200,2026-07-15 06:00:00,0.4883,0.5091,0.5089,0.4891,203458.03
1784098800,2026-07-15 07:00:00,0.482,0.4918,0.489,0.4864,355674.77
1784102400,2026-07-15 08:00:00,0.4847,0.4906,0.486,0.4865,43132.47
1784106000,2026-07-15 09:00:00,0.4872,0.5022,0.4873,0.4905,251035.1
1784109600,2026-07-15 10:00:00,0.4767,0.4921,0.4908,0.4879,169507.19
1784113200,2026-07-15 11:00:00,0.4852,0.4911,0.4878,0.4871,171074.75
1784116800,2026-07-15 12:00:00,0.4828,0.4911,0.4864,0.4895,127499.08
1784120400,2026-07-15 13:00:00,0.4862,0.4924,0.4897,0.4877,63911.93
1784124000,2026-07-15 14:00:00,0.4836,0.4917,0.4878,0.4904,70585.34
1784127600,2026-07-15 15:00:00,0.4822,0.4909,0.49,0.4822,55217.08
1784131200,2026-07-15 16:00:00,0.478,0.49,0.4815,0.49,89191.75
1784134800,2026-07-15 17:00:00,0.4888,0.4922,0.4902,0.4898,47748.27
1784138400,2026-07-15 18:00:00,0.4871,0.4914,0.4893,0.4889,19047.49
1784142000,2026-07-15 19:00:00,0.4848,0.4912,0.4898,0.4848,21429.88
1784145600,2026-07-15 20:00:00,0.485,0.4917,0.485,0.4914,29109.27
1784149200,2026-07-15 21:00:00,0.4884,0.4937,0.491,0.4896,27237.27
1784152800,2026-07-15 22:00:00,0.488,0.492,0.4899,0.4894,34909.92
1784156400,2026-07-15 23:00:00,0.4868,0.4903,0.4885,0.4868,10210.71
1784160000,2026-07-16 00:00:00,0.4827,0.4922,0.4877,0.4899,42291.99
1784163600,2026-07-16 01:00:00,0.4844,0.4937,0.4902,0.4879,56365.06
1784167200,2026-07-16 02:00:00,0.4848,0.4922,0.4877,0.4922,24604.52
1784170800,2026-07-16 03:00:00,0.4848,0.4958,0.4923,0.4859,27599.23
1784174400,2026-07-16 04:00:00,0.4819,0.4862,0.4859,0.4846,9504.95
1784178000,2026-07-16 05:00:00,0.4847,0.4891,0.4852,0.4891,17158.14
1784181600,2026-07-16 06:00:00,0.4895,0.494,0.4896,0.4907,16662.79
1784185200,2026-07-16 07:00:00,0.4905,0.5021,0.4905,0.5007,62636.88
1784188800,2026-07-16 08:00:00,0.4915,0.5041,0.5005,0.5009,80203.17
1784192400,2026-07-16 09:00:00,0.496,0.5165,0.5026,0.5105,279741.83
1784196000,2026-07-16 10:00:00,0.5097,0.5178,0.5101,0.5152,213191.41
1784199600,2026-07-16 11:00:00,0.5049,0.5211,0.5158,0.5091,119806.38
1784203200,2026-07-16 12:00:00,0.5024,0.5122,0.5077,0.5111,80591.89
1784206800,2026-07-16 13:00:00,0.509,0.5171,0.5118,0.5127,67888.66
1784210400,2026-07-16 14:00:00,0.5114,0.5198,0.5128,0.5139,54940.68
1784214000,2026-07-16 15:00:00,0.5141,0.5382,0.5141,0.525,117464.43
1784217600,2026-07-16 16:00:00,0.5133,0.5344,0.5247,0.5177,156145.51
1784221200,2026-07-16 17:00:00,0.5087,0.5226,0.5171,0.5122,87631.38
1784224800,2026-07-16 18:00:00,0.5121,0.5178,0.5129,0.5149,45434.94
1784228400,2026-07-16 19:00:00,0.5093,0.5146,0.5146,0.5117,29848.53
1784232000,2026-07-16 20:00:00,0.5079,0.5127,0.512,0.5084,26092.15
1784235600,2026-07-16 21:00:00,0.4995,0.5079,0.5079,0.503,45135.23
1784239200,2026-07-16 22:00:00,0.4894,0.5042,0.5033,0.4916,83454.23
1784242800,2026-07-16 23:00:00,0.4865,0.4918,0.4915,0.4905,30517.06
1784246400,2026-07-17 00:00:00,0.4848,0.4932,0.4905,0.4913,93829.11
1784250000,2026-07-17 01:00:00,0.4836,0.4932,0.4906,0.4852,31346.12
1784253600,2026-07-17 02:00:00,0.4688,0.487,0.4857,0.4697,197692.71
1784257200,2026-07-17 03:00:00,0.4675,0.4808,0.4697,0.4745,151900.02
1784260800,2026-07-17 04:00:00,0.4701,0.4773,0.4738,0.4701,132108.39
1784264400,2026-07-17 05:00:00,0.4698,0.4749,0.4708,0.4725,85676.86
1784268000,2026-07-17 06:00:00,0.4633,0.4727,0.4727,0.4652,433125.66
1784271600,2026-07-17 07:00:00,0.4567,0.4669,0.4644,0.4581,113407.38
1784275200,2026-07-17 08:00:00,0.4527,0.4659,0.4579,0.4644,226665.45
1784278800,2026-07-17 09:00:00,0.454,0.466,0.4644,0.4558,305102.03
1784282400,2026-07-17 10:00:00,0.4509,0.4565,0.455,0.4523,118642.16
1784286000,2026-07-17 11:00:00,0.4391,0.4541,0.4521,0.4394,116683.64
1784289600,2026-07-17 12:00:00,0.4385,0.4456,0.4391,0.4437,82401.12
1784293200,2026-07-17 13:00:00,0.4363,0.4455,0.444,0.4452,64556.31
1784296800,2026-07-17 14:00:00,0.4431,0.449,0.4451,0.4434,80531.42
1784300400,2026-07-17 15:00:00,0.4398,0.4543,0.4431,0.4529,167851.41
1784304000,2026-07-17 16:00:00,0.4503,0.459,0.4527,0.4539,215744.14
1784307600,2026-07-17 17:00:00,0.4537,0.4609,0.454,0.4568,72767.88
1784311200,2026-07-17 18:00:00,0.4517,0.4573,0.4567,0.4524,49683.68
1784314800,2026-07-17 19:00:00,0.4432,0.453,0.4518,0.4435,40333.97
1784318400,2026-07-17 20:00:00,0.4413,0.445,0.4433,0.444,78951.76
1784322000,2026-07-17 21:00:00,0.4429,0.4451,0.444,0.4442,9769.94
1784325600,2026-07-17 22:00:00,0.4416,0.4467,0.4441,0.4462,16692.18
1784329200,2026-07-17 23:00:00,0.4465,0.4517,0.447,0.447,72580.4
1784332800,2026-07-18 00:00:00,0.4414,0.4501,0.4475,0.4415,108129.15
1784336400,2026-07-18 01:00:00,0.4401,0.4494,0.4414,0.4455,56795.7
1784340000,2026-07-18 02:00:00,0.4414,0.4464,0.4458,0.4437,68728.93
1784343600,2026-07-18 03:00:00,0.4365,0.4435,0.4435,0.437,56626.63
1784347200,2026-07-18 04:00:00,0.4228,0.4365,0.4365,0.4233,103945.37
1784350800,2026-07-18 05:00:00,0.4122,0.4249,0.4233,0.4128,152661.7
1784354400,2026-07-18 06:00:00,0.4018,0.4135,0.4129,0.4073,185728.12
1784358000,2026-07-18 07:00:00,0.4051,0.4195,0.4074,0.4179,97553.32
1784361600,2026-07-18 08:00:00,0.4065,0.4204,0.4179,0.4074,117989.49
1784365200,2026-07-18 09:00:00,0.4044,0.408,0.4073,0.4058,32656.05
1784368800,2026-07-18 10:00:00,0.4021,0.4153,0.4056,0.4095,73055.93
1784372400,2026-07-18 11:00:00,0.4037,0.4114,0.4094,0.4045,31433.51
1784376000,2026-07-18 12:00:00,0.4029,0.4096,0.404,0.4096,59688.44
1784379600,2026-07-18 13:00:00,0.3969,0.4104,0.4099,0.3987,118803.11
1784383200,2026-07-18 14:00:00,0.395,0.4005,0.3992,0.3972,97135.67
1784386800,2026-07-18 15:00:00,0.3905,0.3991,0.3981,0.3931,86827.76
1784390400,2026-07-18 16:00:00,0.3832,0.3963,0.3934,0.3854,115599.07
1784394000,2026-07-18 17:00:00,0.3818,0.3926,0.3851,0.3911,115296.79
1784397600,2026-07-18 18:00:00,0.3871,0.3971,0.3908,0.3903,199704.68
1784401200,2026-07-18 19:00:00,0.3848,0.393,0.3901,0.3906,134472.38
1784404800,2026-07-18 20:00:00,0.3902,0.4004,0.3906,0.3968,121239.79
1784408400,2026-07-18 21:00:00,0.3969,0.4042,0.3969,0.3985,121141.9
1784412000,2026-07-18 22:00:00,0.3937,0.3981,0.3981,0.3953,25440.74
1784415600,2026-07-18 23:00:00,0.3941,0.3979,0.3952,0.3946,80737.56
1784419200,2026-07-19 00:00:00,0.3734,0.3941,0.3941,0.3782,262028.72
1784422800,2026-07-19 01:00:00,0.3725,0.3901,0.3783,0.3901,230217.42
1784426400,2026-07-19 02:00:00,0.3881,0.4112,0.3902,0.4109,438108.69
1784430000,2026-07-19 03:00:00,0.4083,0.4201,0.4112,0.4099,686696.3
1784433600,2026-07-19 04:00:00,0.404,0.4128,0.4097,0.4084,172965.59
1784437200,2026-07-19 05:00:00,0.4067,0.4178,0.4089,0.4141,169005.96
1784440800,2026-07-19 06:00:00,0.414,0.4357,0.4142,0.4305,367203.33
1784444400,2026-07-19 07:00:00,0.4223,0.4363,0.4308,0.4243,223475.32
1784448000,2026-07-19 08:00:00,0.4227,0.4308,0.4242,0.4295,287760.68
1784451600,2026-07-19 09:00:00,0.4085,0.4307,0.4297,0.4088,176191.3
1784455200,2026-07-19 10:00:00,0.4008,0.4106,0.4091,0.4027,82608.13
1784458800,2026-07-19 11:00:00,0.3928,0.4017,0.4017,0.396,133990.05
1784462400,2026-07-19 12:00:00,0.3885,0.3964,0.3956,0.3895,211790.87
1784466000,2026-07-19 13:00:00,0.3873,0.3932,0.3895,0.3885,99441.11
1784469600,2026-07-19 14:00:00,0.3879,0.3969,0.3883,0.3925,332124.2
1784473200,2026-07-19 15:00:00,0.392,0.401,0.392,0.4,101056.22
1784476800,2026-07-19 16:00:00,0.3944,0.4003,0.3996,0.3989,78410.14
1784480400,2026-07-19 17:00:00,0.3922,0.3997,0.3988,0.3934,70018
1784484000,2026-07-19 18:00:00,0.3893,0.3948,0.3938,0.3948,118112.88
1784487600,2026-07-19 19:00:00,0.394,0.3983,0.3948,0.3972,40299.74
1784491200,2026-07-19 20:00:00,0.3922,0.3977,0.3973,0.3955,33637.11
1784494800,2026-07-19 21:00:00,0.391,0.3958,0.3957,0.3925,25528.35
1784498400,2026-07-19 22:00:00,0.3903,0.395,0.3924,0.3912,25398.22
1784502000,2026-07-19 23:00:00,0.3879,0.3992,0.391,0.3923,218899.88
1784505600,2026-07-20 00:00:00,0.3852,0.3939,0.3927,0.3889,121127.43
1784509200,2026-07-20 01:00:00,0.3804,0.3908,0.3893,0.3818,92005.52
1784512800,2026-07-20 02:00:00,0.3798,0.3859,0.3806,0.3846,43455.67
1784516400,2026-07-20 03:00:00,0.3796,0.3847,0.3843,0.3827,48644.48
1784520000,2026-07-20 04:00:00,0.3811,0.3889,0.3829,0.3873,70283.32
1784523600,2026-07-20 05:00:00,0.381,0.3874,0.3869,0.3823,22151.9
1784527200,2026-07-20 06:00:00,0.3785,0.3837,0.3822,0.3801,158146.95
1784530800,2026-07-20 07:00:00,0.3799,0.3834,0.3799,0.3807,47994.59
1784534400,2026-07-20 08:00:00,0.375,0.3824,0.3807,0.3799,44745.88
1784538000,2026-07-20 09:00:00,0.3762,0.3807,0.3795,0.3772,43343.12
1784541600,2026-07-20 10:00:00,0.3666,0.3805,0.3773,0.367,156269.06
1784545200,2026-07-20 11:00:00,0.3666,0.3739,0.3676,0.3732,199309.98
1784548800,2026-07-20 12:00:00,0.3666,0.3733,0.3733,0.3668,45501.96
1784552400,2026-07-20 13:00:00,0.3579,0.3677,0.3677,0.3599,135713.09
1784556000,2026-07-20 14:00:00,0.3571,0.3645,0.3601,0.364,97472.91
1784559600,2026-07-20 15:00:00,0.361,0.3696,0.3639,0.3677,58623.51
1784563200,2026-07-20 16:00:00,0.3631,0.3696,0.3678,0.3675,176943.01
1784566800,2026-07-20 17:00:00,0.3648,0.3716,0.368,0.3706,86609.51
1784570400,2026-07-20 18:00:00,0.3704,0.3811,0.3705,0.3804,61009.19
1784574000,2026-07-20 19:00:00,0.3788,0.3863,0.3805,0.382,92197.4
1784577600,2026-07-20 20:00:00,0.375,0.3837,0.3815,0.3751,35667.82
1784581200,2026-07-20 21:00:00,0.3721,0.3775,0.3749,0.3722,53823.65
1784584800,2026-07-20 22:00:00,0.3684,0.3724,0.3724,0.3698,22023.79
1784588400,2026-07-20 23:00:00,0.3694,0.3767,0.3698,0.3749,124686.7
1784592000,2026-07-21 00:00:00,0.3657,0.3748,0.3746,0.3657,62854.63
1784595600,2026-07-21 01:00:00,0.3649,0.3696,0.3664,0.3673,78161.56
1784599200,2026-07-21 02:00:00,0.3653,0.3692,0.367,0.3679,23887.74
1784602800,2026-07-21 03:00:00,0.3682,0.3801,0.3682,0.3777,75089.99
1784606400,2026-07-21 04:00:00,0.3742,0.3904,0.377,0.3742,194203.66
1784610000,2026-07-21 05:00:00,0.3703,0.3755,0.3748,0.3725,37267.96
1784613600,2026-07-21 06:00:00,0.3713,0.374,0.3731,0.3716,30158.12
1784617200,2026-07-21 07:00:00,0.3678,0.3727,0.3712,0.3682,50597.97
1784620800,2026-07-21 08:00:00,0.3635,0.3693,0.368,0.3662,44592.59
1784624400,2026-07-21 09:00:00,0.3658,0.3696,0.3661,0.3679,30893.93
1784628000,2026-07-21 10:00:00,0.3675,0.3759,0.3678,0.3729,76133.47
1784631600,2026-07-21 11:00:00,0.367,0.3735,0.3731,0.368,110494.12
1784635200,2026-07-21 12:00:00,0.367,0.3712,0.3675,0.3708,21719.69
1784638800,2026-07-21 13:00:00,0.3687,0.3726,0.3704,0.3725,36289.49
1784642400,2026-07-21 14:00:00,0.3696,0.3758,0.3723,0.3733,69943.12
1784646000,2026-07-21 15:00:00,0.3708,0.377,0.3736,0.3735,64453.07
1784649600,2026-07-21 16:00:00,0.3735,0.386,0.3735,0.3829,246916.2
1784653200,2026-07-21 17:00:00,0.3753,0.3851,0.3841,0.3767,70758.03
1784656800,2026-07-21 18:00:00,0.3747,0.3777,0.3771,0.3776,35768.42
1784660400,2026-07-21 19:00:00,0.3778,0.3825,0.3778,0.3798,32654.27
1784664000,2026-07-21 20:00:00,0.3785,0.3831,0.3796,0.3823,29500.08
1784667600,2026-07-21 21:00:00,0.3807,0.3947,0.3822,0.3883,81467
1784671200,2026-07-21 22:00:00,0.3873,0.3945,0.3878,0.388,119270.94
1784674800,2026-07-21 23:00:00,0.3847,0.3961,0.3877,0.3952,76290.46
1784678400,2026-07-22 00:00:00,0.3897,0.4183,0.3954,0.417,354784.07
1784682000,2026-07-22 01:00:00,0.403,0.4287,0.4165,0.4167,392325.5
1784685600,2026-07-22 02:00:00,0.415,0.4264,0.4173,0.4208,407255.96
1784689200,2026-07-22 03:00:00,0.4209,0.4368,0.4209,0.429,317749.3
1784692800,2026-07-22 04:00:00,0.4172,0.4344,0.4289,0.4294,410878.33
1784696400,2026-07-22 05:00:00,0.4273,0.4461,0.4296,0.4333,590843.04
1784700000,2026-07-22 06:00:00,0.4279,0.4526,0.4333,0.4446,642032.73
1784703600,2026-07-22 07:00:00,0.4438,0.4678,0.4445,0.4582,699610.95
1784707200,2026-07-22 08:00:00,0.4448,0.4761,0.4586,0.458,2109482.93
1784710800,2026-07-22 09:00:00,0.457,0.4824,0.4578,0.4657,1091566.02
1784714400,2026-07-22 10:00:00,0.461,0.4812,0.4668,0.4784,287882.55
1784718000,2026-07-22 11:00:00,0.4762,0.4898,0.4793,0.4858,224598.02
1784721600,2026-07-22 12:00:00,0.4571,0.4871,0.4854,0.4645,351050.76
1784725200,2026-07-22 13:00:00,0.4578,0.4945,0.4646,0.4868,524677.13
1784728800,2026-07-22 14:00:00,0.4736,0.4935,0.4868,0.4774,342358.1
1784732400,2026-07-22 15:00:00,0.4694,0.4877,0.4772,0.4719,193439.47
1784736000,2026-07-22 16:00:00,0.463,0.4773,0.4713,0.4753,229817.13
1784739600,2026-07-22 17:00:00,0.4629,0.4821,0.4754,0.4801,398563.74
1784743200,2026-07-22 18:00:00,0.4735,0.4934,0.4802,0.4907,256832.78
1784746800,2026-07-22 19:00:00,0.4867,0.4969,0.4911,0.4934,263598.08
1784750400,2026-07-22 20:00:00,0.4872,0.4939,0.4926,0.4911,151869.92
1784754000,2026-07-22 21:00:00,0.4813,0.4919,0.491,0.4882,160249.13
1784757600,2026-07-22 22:00:00,0.4761,0.493,0.4888,0.479,209623.05
1784761200,2026-07-22 23:00:00,0.472,0.4845,0.4788,0.4747,133793.75
1784764800,2026-07-23 00:00:00,0.4668,0.4812,0.4747,0.4734,249378.36
1784768400,2026-07-23 01:00:00,0.4679,0.4938,0.473,0.4888,223793.62
1784772000,2026-07-23 02:00:00,0.4688,0.4911,0.4887,0.4688,124094.41
1784775600,2026-07-23 03:00:00,0.4526,0.4692,0.4689,0.4602,292615.93
1784779200,2026-07-23 04:00:00,0.4569,0.4736,0.4596,0.4703,158153.26
1784782800,2026-07-23 05:00:00,0.4643,0.4787,0.4704,0.4718,269213.17
1784786400,2026-07-23 06:00:00,0.4577,0.4727,0.472,0.4603,184908.76
1784790000,2026-07-23 07:00:00,0.4574,0.4656,0.4602,0.4586,124629.74
1784793600,2026-07-23 08:00:00,0.4582,0.4716,0.4588,0.4667,176974.05
1784797200,2026-07-23 09:00:00,0.4624,0.4744,0.4665,0.4734,385122.52
1784800800,2026-07-23 10:00:00,0.4723,0.486,0.4736,0.4737,305003.88
1784804400,2026-07-23 11:00:00,0.4722,0.4848,0.4743,0.4819,264419.84
1784808000,2026-07-23 12:00:00,0.4762,0.484,0.4816,0.4772,276360.53
1784811600,2026-07-23 13:00:00,0.4704,0.4822,0.4776,0.4798,148015.31
1784815200,2026-07-23 14:00:00,0.4782,0.4872,0.48,0.4816,214979.61
1784818800,2026-07-23 15:00:00,0.4801,0.5277,0.4814,0.5213,360786.7
1784822400,2026-07-23 16:00:00,0.5035,0.5428,0.523,0.5208,846409.59
1784826000,2026-07-23 17:00:00,0.5065,0.5242,0.5206,0.5071,361586.38
1784829600,2026-07-23 18:00:00,0.5076,0.5376,0.5076,0.5342,498131.18
1784833200,2026-07-23 19:00:00,0.52,0.5378,0.5348,0.5217,243359.96
1784836800,2026-07-23 20:00:00,0.5202,0.5532,0.5224,0.5479,302972.94
1784840400,2026-07-23 21:00:00,0.5469,0.5574,0.548,0.5494,287263.98
1784844000,2026-07-23 22:00:00,0.5442,0.5634,0.549,0.5501,418693.47
1784847600,2026-07-23 23:00:00,0.5508,0.5626,0.5508,0.5535,193859.79
1784851200,2026-07-24 00:00:00,0.5531,0.5842,0.5531,0.5817,871387
1784854800,2026-07-24 01:00:00,0.5698,0.6172,0.5815,0.6162,655950.48
1784858400,2026-07-24 02:00:00,0.6101,0.6412,0.6149,0.638,1015638.76
1784862000,2026-07-24 03:00:00,0.6318,0.6534,0.6386,0.64,782437.64
1784865600,2026-07-24 04:00:00,0.6244,0.6496,0.639,0.645,400491.75
1784869200,2026-07-24 05:00:00,0.6219,0.669,0.6452,0.6448,669989.27
1784872800,2026-07-24 06:00:00,0.6398,0.6643,0.6449,0.6597,403859.97
1784876400,2026-07-24 07:00:00,0.6545,0.6791,0.6596,0.6678,210388.7
1784880000,2026-07-24 08:00:00,0.6351,0.673,0.6668,0.6378,364278.62
1784883600,2026-07-24 09:00:00,0.6122,0.6454,0.6382,0.639,601705.35
1784887200,2026-07-24 10:00:00,0.6317,0.6487,0.6392,0.634,583572.9
1784890800,2026-07-24 11:00:00,0.6203,0.6438,0.6342,0.6236,430856.65
1784894400,2026-07-24 12:00:00,0.6214,0.6457,0.6235,0.6412,295443.33
1784898000,2026-07-24 13:00:00,0.6324,0.6453,0.6416,0.6324,157233.62
1784901600,2026-07-24 14:00:00,0.6238,0.6406,0.6338,0.6386,354887.7
1784905200,2026-07-24 15:00:00,0.5932,0.6407,0.6384,0.6002,599923.95
1784908800,2026-07-24 16:00:00,0.6004,0.6257,0.6004,0.6076,268795.09
1784912400,2026-07-24 17:00:00,0.606,0.6159,0.6078,0.6084,237979.84
1784916000,2026-07-24 18:00:00,0.5906,0.6096,0.6086,0.599,178759.34
1784919600,2026-07-24 19:00:00,0.586,0.6051,0.5996,0.5892,219672.86
1784923200,2026-07-24 20:00:00,0.579,0.5968,0.5894,0.5848,116446.72
1784926800,2026-07-24 21:00:00,0.5763,0.586,0.5849,0.5807,98530.34
1784930400,2026-07-24 22:00:00,0.5806,0.5957,0.5806,0.582,126650.1
1784934000,2026-07-24 23:00:00,0.5728,0.5875,0.5818,0.5818,137006.4
1784937600,2026-07-25 00:00:00,0.5635,0.5912,0.582,0.5693,607292.58
1784941200,2026-07-25 01:00:00,0.5651,0.5858,0.569,0.5727,275125.9
1784944800,2026-07-25 02:00:00,0.5576,0.5806,0.5728,0.5586,144070.12
1784948400,2026-07-25 03:00:00,0.5521,0.5633,0.5582,0.5542,309125.93
1784952000,2026-07-25 04:00:00,0.5518,0.5652,0.5548,0.5535,149020.06
1784955600,2026-07-25 05:00:00,0.5431,0.555,0.5536,0.5457,117766.75
1784959200,2026-07-25 06:00:00,0.54,0.558,0.5462,0.5476,123010.05
1784962800,2026-07-25 07:00:00,0.5464,0.638,0.5472,0.6086,969398.92
1784966400,2026-07-25 08:00:00,0.5911,0.6166,0.609,0.5934,401093.08
1784970000,2026-07-25 09:00:00,0.5544,0.5932,0.5932,0.5585,543059.67
1784973600,2026-07-25 10:00:00,0.5444,0.5608,0.5586,0.5557,182596.8
1784977200,2026-07-25 11:00:00,0.5516,0.5654,0.5562,0.5605,144938.58
1784980800,2026-07-25 12:00:00,0.5478,0.5608,0.5604,0.5553,83698.79
1784984400,2026-07-25 13:00:00,0.5536,0.5813,0.5553,0.563,327777.24
1784988000,2026-07-25 14:00:00,0.5553,0.5764,0.5634,0.5676,653239.57
1784991600,2026-07-25 15:00:00,0.5665,0.5872,0.5678,0.5751,364538.57
1784995200,2026-07-25 16:00:00,0.5704,0.5832,0.5755,0.5735,344084.54
1784998800,2026-07-25 17:00:00,0.563,0.5742,0.5732,0.5698,140524.84
1785002400,2026-07-25 18:00:00,0.5558,0.571,0.5696,0.5574,90926.96
1785006000,2026-07-25 19:00:00,0.5552,0.5617,0.5568,0.5556,78031.89
1785009600,2026-07-25 20:00:00,0.555,0.5618,0.5559,0.5575,59210.57
1785013200,2026-07-25 21:00:00,0.5533,0.5613,0.5578,0.5578,79018.08
1785016800,2026-07-25 22:00:00,0.5521,0.5596,0.558,0.5538,55154.34
1785020400,2026-07-25 23:00:00,0.5437,0.5543,0.5536,0.547,171231.92
1785024000,2026-07-26 00:00:00,0.5353,0.5578,0.5472,0.5501,316868.3
1785027600,2026-07-26 01:00:00,0.5428,0.5724,0.55,0.5672,183029.07
1785031200,2026-07-26 02:00:00,0.5455,0.5678,0.5678,0.5537,231667.57
1785034800,2026-07-26 03:00:00,0.5456,0.5563,0.5532,0.5518,168098.11
1785038400,2026-07-26 04:00:00,0.5366,0.5527,0.5516,0.5378,38950.37
1785042000,2026-07-26 05:00:00,0.5137,0.5392,0.538,0.5224,264454.52
1785045600,2026-07-26 06:00:00,0.5179,0.5323,0.5224,0.5272,304938.38
1785049200,2026-07-26 07:00:00,0.5188,0.5293,0.5266,0.5206,86987.27
1785052800,2026-07-26 08:00:00,0.5087,0.5218,0.5208,0.5104,206542.67
1785056400,2026-07-26 09:00:00,0.5043,0.515,0.5108,0.5071,197710.95
1785060000,2026-07-26 10:00:00,0.4985,0.5073,0.5066,0.4996,82367.55
1785063600,2026-07-26 11:00:00,0.4967,0.5035,0.4996,0.5022,78512.39
1785067200,2026-07-26 12:00:00,0.5018,0.5164,0.5018,0.5108,94745
1785070800,2026-07-26 13:00:00,0.5055,0.5158,0.51,0.5113,65972.17
1785074400,2026-07-26 14:00:00,0.5048,0.5157,0.5109,0.511,64926.48
1785078000,2026-07-26 15:00:00,0.5095,0.5225,0.5108,0.516,386663.86
1785081600,2026-07-26 16:00:00,0.5106,0.5195,0.5172,0.5106,56638.02
1785085200,2026-07-26 17:00:00,0.5034,0.5106,0.5106,0.5045,237726.34
1785088800,2026-07-26 18:00:00,0.4975,0.505,0.5048,0.4983,62375.27
1785092400,2026-07-26 19:00:00,0.4861,0.4981,0.4978,0.4876,127418.7
1785096000,2026-07-26 20:00:00,0.4856,0.4935,0.4875,0.4902,74846.51
1785099600,2026-07-26 21:00:00,0.4816,0.4909,0.4904,0.4842,146437.04
1785103200,2026-07-26 22:00:00,0.4823,0.4869,0.4841,0.4836,204000.37
1785106800,2026-07-26 23:00:00,0.4788,0.4846,0.4836,0.4815,30834.99
1785110400,2026-07-27 00:00:00,0.4727,0.4832,0.4813,0.4766,222864.74
1785114000,2026-07-27 01:00:00,0.47,0.4882,0.477,0.4726,147655.12
1785117600,2026-07-27 02:00:00,0.471,0.4958,0.4726,0.4798,263816.3
1785121200,2026-07-27 03:00:00,0.4785,0.5084,0.479,0.4978,276655.22
1785124800,2026-07-27 04:00:00,0.4975,0.5137,0.4979,0.4988,391017.88
1785128400,2026-07-27 05:00:00,0.4798,0.5009,0.4986,0.4834,176313.71
1785132000,2026-07-27 06:00:00,0.4821,0.498,0.4833,0.4936,155683.49
1785135600,2026-07-27 07:00:00,0.4856,0.498,0.4938,0.4894,253633.06
1785139200,2026-07-27 08:00:00,0.4869,0.5032,0.4904,0.502,137657.58
1785142800,2026-07-27 09:00:00,0.4948,0.504,0.5024,0.4987,177708.94
1785146400,2026-07-27 10:00:00,0.487,0.5012,0.4986,0.4999,204213.91
1785150000,2026-07-27 11:00:00,0.4955,0.509,0.5,0.5039,159687.14
1785153600,2026-07-27 12:00:00,0.5006,0.5108,0.5038,0.5006,178042.78
1785157200,2026-07-27 13:00:00,0.4968,0.5102,0.501,0.4991,207898.66
1785160800,2026-07-27 14:00:00,0.4959,0.5058,0.4986,0.5032,325852.06
1785164400,2026-07-27 15:00:00,0.494,0.5058,0.503,0.498,106737.23
1785168000,2026-07-27 16:00:00,0.4902,0.5007,0.4981,0.4932,139044.13
1785171600,2026-07-27 17:00:00,0.4874,0.497,0.493,0.4926,104111.71
1785175200,2026-07-27 18:00:00,0.4878,0.4976,0.4928,0.4888,163065.17
1785178800,2026-07-27 19:00:00,0.4783,0.4892,0.4892,0.48,117647.22
1785182400,2026-07-27 20:00:00,0.4622,0.4811,0.4796,0.4654,143819.44
1785186000,2026-07-27 21:00:00,0.4479,0.4656,0.4655,0.4538,185003.96
1785189600,2026-07-27 22:00:00,0.449,0.4609,0.4536,0.4552,134383.15
1785193200,2026-07-27 23:00:00,0.4476,0.4596,0.4558,0.45,151631.32
1785196800,2026-07-28 00:00:00,0.4492,0.4655,0.4494,0.4563,257915.52
1785200400,2026-07-28 01:00:00,0.4528,0.4662,0.4566,0.4577,479107.08
1785204000,2026-07-28 02:00:00,0.4506,0.4605,0.4576,0.4535,177417.99
1785207600,2026-07-28 03:00:00,0.4482,0.4556,0.4532,0.4514,212085.71
1785211200,2026-07-28 04:00:00,0.4368,0.4544,0.4519,0.4384,353061.3
1785214800,2026-07-28 05:00:00,0.4374,0.4438,0.4383,0.4397,220492.79
1785218400,2026-07-28 06:00:00,0.436,0.4434,0.44,0.44,130376.8
1785222000,2026-07-28 07:00:00,0.4352,0.4434,0.4397,0.4422,237823.5
1785225600,2026-07-28 08:00:00,0.4392,0.4678,0.4421,0.462,432548.61
1785229200,2026-07-28 09:00:00,0.4508,0.462,0.462,0.4508,441051.19
1785232800,2026-07-28 10:00:00,0.4416,0.4516,0.4504,0.45,247209.36
1785236400,2026-07-28 11:00:00,0.4414,0.4498,0.4498,0.4414,224351.63
1785240000,2026-07-28 12:00:00,0.4376,0.4453,0.4413,0.4401,176850.45
1785243600,2026-07-28 13:00:00,0.44,0.4441,0.4406,0.4423,105752.98
1785247200,2026-07-28 14:00:00,0.4372,0.4461,0.4426,0.4438,156588.15
1785250800,2026-07-28 15:00:00,0.4438,0.4574,0.4438,0.4531,507527.4
1785254400,2026-07-28 16:00:00,0.447,0.4597,0.4526,0.4597,204211.74
1785258000,2026-07-28 17:00:00,0.4502,0.4592,0.4592,0.4536,168001.55
1785261600,2026-07-28 18:00:00,0.4494,0.4568,0.4535,0.4508,110688.42
1785265200,2026-07-28 19:00:00,0.4512,0.4576,0.4512,0.4542,52592.92
1785268800,2026-07-28 20:00:00,0.4526,0.4666,0.454,0.4641,168859.02
1785272400,2026-07-28 21:00:00,0.4581,0.4688,0.4642,0.4672,77215.82
1785276000,2026-07-28 22:00:00,0.4508,0.468,0.467,0.4511,78627.15
1785279600,2026-07-28 23:00:00,0.4495,0.4588,0.4512,0.4515,305125.68
1785283200,2026-07-29 00:00:00,0.4432,0.4586,0.4524,0.4435,287243.43
1785286800,2026-07-29 01:00:00,0.4406,0.4488,0.4434,0.4414,189533.42
1785290400,2026-07-29 02:00:00,0.4412,0.4474,0.4413,0.4458,39019.21
1785294000,2026-07-29 03:00:00,0.4114,0.4482,0.4456,0.4125,406922.88
1785297600,2026-07-29 04:00:00,0.4086,0.4174,0.4128,0.414,189844.38
1785301200,2026-07-29 05:00:00,0.4107,0.4222,0.4139,0.4202,113149.98
1785304800,2026-07-29 06:00:00,0.4138,0.4212,0.4202,0.4151,161871.37
1785308400,2026-07-29 07:00:00,0.4124,0.4164,0.4151,0.4147,151325.08
1785312000,2026-07-29 08:00:00,0.4059,0.4155,0.4147,0.4073,320446.6
1785315600,2026-07-29 09:00:00,0.4044,0.4102,0.4074,0.4051,239391.25
1785319200,2026-07-29 10:00:00,0.4033,0.4073,0.4051,0.4056,141206.31
1785322800,2026-07-29 11:00:00,0.4052,0.4108,0.4057,0.408,99522.93
1785326400,2026-07-29 12:00:00,0.4081,0.4162,0.4081,0.4148,216264.77
1785330000,2026-07-29 13:00:00,0.41,0.4174,0.4148,0.414,142309.98
1785333600,2026-07-29 14:00:00,0.4132,0.444,0.4139,0.4336,518743.2
1785337200,2026-07-29 15:00:00,0.4325,0.4444,0.4338,0.4422,274724.68
1785340800,2026-07-29 16:00:00,0.44,0.4684,0.4419,0.4674,495966.13
1785344400,2026-07-29 17:00:00,0.4658,0.4967,0.4676,0.4957,568005.48
1785348000,2026-07-29 18:00:00,0.4852,0.5158,0.4962,0.515,709440.38
1785351600,2026-07-29 19:00:00,0.5096,0.531,0.5148,0.5271,709746.96
1785355200,2026-07-29 20:00:00,0.5013,0.5298,0.5268,0.5058,788837.84
1785358800,2026-07-29 21:00:00,0.4891,0.5084,0.5056,0.4928,473284.85
1785362400,2026-07-29 22:00:00,0.4872,0.5007,0.4936,0.4904,138188.45
1785366000,2026-07-29 23:00:00,0.4897,0.4996,0.4902,0.4965,146220.86
1785369600,2026-07-30 00:00:00,0.4915,0.5116,0.4964,0.5071,725794.42
1785373200,2026-07-30 01:00:00,0.4963,0.5112,0.5076,0.507,384883.81
1785376800,2026-07-30 02:00:00,0.5014,0.5141,0.5066,0.5022,350943.2
1785380400,2026-07-30 03:00:00,0.4863,0.5072,0.5028,0.504,437311.37
1785384000,2026-07-30 04:00:00,0.5,0.5124,0.5045,0.5009,292759.31
1785387600,2026-07-30 05:00:00,0.4908,0.5024,0.5012,0.5012,267989.57
1785391200,2026-07-30 06:00:00,0.4976,0.508,0.5,0.5018,152293.28
1785394800,2026-07-30 07:00:00,0.4948,0.5085,0.5023,0.4958,170683.42
1785398400,2026-07-30 08:00:00,0.4652,0.4996,0.4956,0.4756,416191.08
1785402000,2026-07-30 09:00:00,0.4726,0.4885,0.4756,0.4812,141402.3
1785405600,2026-07-30 10:00:00,0.4679,0.4834,0.4814,0.4696,258048.11
1785409200,2026-07-30 11:00:00,0.4644,0.4726,0.4695,0.4692,113699.63
1785412800,2026-07-30 12:00:00,0.4598,0.4705,0.469,0.4603,146216.33
1785416400,2026-07-30 13:00:00,0.4583,0.4653,0.4604,0.4639,319667.62
1785420000,2026-07-30 14:00:00,0.4554,0.4642,0.4638,0.4565,261352.95
1785423600,2026-07-30 15:00:00,0.4528,0.4592,0.4568,0.4578,255672.84
1785427200,2026-07-30 16:00:00,0.4442,0.4599,0.458,0.4444,212217.93
1785430800,2026-07-30 17:00:00,0.4421,0.4462,0.4448,0.4442,158737.08
1785434400,2026-07-30 18:00:00,0.4397,0.4496,0.4436,0.4408,152075.93
1785438000,2026-07-30 19:00:00,0.4358,0.4471,0.4402,0.4468,133338.77
1785441600,2026-07-30 20:00:00,0.4466,0.4577,0.4469,0.4542,222964.78
1785445200,2026-07-30 21:00:00,0.4486,0.4651,0.4541,0.4628,162429.55
1785448800,2026-07-30 22:00:00,0.4507,0.4672,0.4633,0.4507,116875.81
1785452400,2026-07-30 23:00:00,0.4456,0.453,0.4507,0.4463,158892.98
1785456000,2026-07-31 00:00:00,0.4426,0.4557,0.4464,0.4494,95778.1
1785459600,2026-07-31 01:00:00,0.4479,0.466,0.4492,0.4612,314100.86
1785463200,2026-07-31 02:00:00,0.4489,0.4655,0.4608,0.4517,278881.3
1785466800,2026-07-31 03:00:00,0.4477,0.4608,0.4518,0.4483,194208.35
1785470400,2026-07-31 04:00:00,0.4474,0.4528,0.4476,0.4492,81093.49
1785474000,2026-07-31 05:00:00,0.4372,0.4491,0.4491,0.4405,151678.98
1785477600,2026-07-31 06:00:00,0.4383,0.4448,0.441,0.4417,100216.49
1785481200,2026-07-31 07:00:00,0.4401,0.4483,0.442,0.4444,108831.26
1785484800,2026-07-31 08:00:00,0.4428,0.4534,0.4442,0.4451,160095.65
1785488400,2026-07-31 09:00:00,0.443,0.4486,0.445,0.443,59249.75
1785492000,2026-07-31 10:00:00,0.4415,0.467,0.4431,0.4581,339922.47
1785495600,2026-07-31 11:00:00,0.4482,0.4616,0.4584,0.46,280291.25
1785499200,2026-07-31 12:00:00,0.4558,0.4638,0.4601,0.4599,157426.54
1785502800,2026-07-31 13:00:00,0.448,0.4592,0.4587,0.4498,216673.5
1785506400,2026-07-31 14:00:00,0.4492,0.4568,0.4496,0.4533,106318.36
1785510000,2026-07-31 15:00:00,0.4442,0.4548,0.4534,0.4455,180499.33
1785513600,2026-07-31 16:00:00,0.4451,0.4558,0.4452,0.4529,68951.68
1785517200,2026-07-31 17:00:00,0.4468,0.4533,0.4528,0.4469,359808.32
1785520800,2026-07-31 18:00:00,0.437,0.4484,0.4469,0.4388,61475.33
1785524400,2026-07-31 19:00:00,0.4314,0.4394,0.439,0.4348,42829.5
1785528000,2026-07-31 20:00:00,0.4322,0.4372,0.435,0.4328,55202.74
1785531600,2026-07-31 21:00:00,0.4324,0.4365,0.4332,0.4345,36539.06
1785535200,2026-07-31 22:00:00,0.434,0.446,0.4346,0.4441,90810.58
1785538800,2026-07-31 23:00:00,0.4388,0.4446,0.4444,0.4421,114651.38
1785542400,2026-08-01 00:00:00,0.4382,0.447,0.4422,0.4408,242347.63
1785546000,2026-08-01 01:00:00,0.4378,0.4428,0.4406,0.4387,103773.14
1785549600,2026-08-01 02:00:00,0.4388,0.4511,0.4388,0.4462,102880.95
1785553200,2026-08-01 03:00:00,0.445,0.453,0.4465,0.4497,64119.9
1785556800,2026-08-01 04:00:00,0.4462,0.4546,0.4495,0.4492,67858.56
1785560400,2026-08-01 05:00:00,0.4435,0.4504,0.4494,0.4436,38085.2
1785564000,2026-08-01 06:00:00,0.4436,0.4498,0.4438,0.4476,272940.83
1785567600,2026-08-01 07:00:00,0.4443,0.4497,0.447,0.4456,35221.09
1785571200,2026-08-01 08:00:00,0.4443,0.4522,0.445,0.4522,121997.22
1785574800,2026-08-01 09:00:00,0.4456,0.453,0.4526,0.4467,61104.81
1785578400,2026-08-01 10:00:00,0.4435,0.4499,0.4468,0.4439,63586.55
1785582000,2026-08-01 11:00:00,0.4426,0.4481,0.4438,0.4442,45078.05
1785585600,2026-08-01 12:00:00,0.4382,0.4442,0.4437,0.4398,57384.44
1785589200,2026-08-01 13:00:00,0.4372,0.4408,0.4396,0.4404,32580.28
1785592800,2026-08-01 14:00:00,0.4391,0.4454,0.4409,0.4432,64674.32
1785596400,2026-08-01 15:00:00,0.4429,0.4494,0.4433,0.4469,164558.83
1785600000,2026-08-01 16:00:00,0.4438,0.4488,0.4468,0.4444,61576.39
1785603600,2026-08-01 17:00:00,0.4336,0.4443,0.4443,0.4364,163999.01
1785607200,2026-08-01 18:00:00,0.4357,0.4421,0.4362,0.4386,69548.57
1785610800,2026-08-01 19:00:00,0.4342,0.4398,0.4386,0.4398,31608.7
1785614400,2026-08-01 20:00:00,0.4373,0.4434,0.4392,0.4389,47717.89
1785618000,2026-08-01 21:00:00,0.4368,0.4408,0.439,0.4404,17843.75
1785621600,2026-08-01 22:00:00,0.4358,0.44,0.44,0.438,23256.46
1785625200,2026-08-01 23:00:00,0.4366,0.4414,0.4382,0.44,12600.34
1785628800,2026-08-02 00:00:00,0.4396,0.4456,0.44,0.4431,37978.11
1785632400,2026-08-02 01:00:00,0.4389,0.4447,0.443,0.4399,21391.57
1785636000,2026-08-02 02:00:00,0.439,0.4441,0.4398,0.4415,29660.02
1785639600,2026-08-02 03:00:00,0.4339,0.4443,0.4414,0.4354,36464.07
1785643200,2026-08-02 04:00:00,0.4356,0.44,0.4356,0.437,15554.8
1785646800,2026-08-02 05:00:00,0.4326,0.4392,0.4368,0.439,77473.9
1785650400,2026-08-02 06:00:00,0.4357,0.4397,0.4392,0.4357,157592
1785654000,2026-08-02 07:00:00,0.4338,0.4366,0.4356,0.4359,69580
1785657600,2026-08-02 08:00:00,0.4245,0.437,0.4358,0.4277,123246.27
1785661200,2026-08-02 09:00:00,0.4248,0.4331,0.4277,0.4322,110578.8
1785664800,2026-08-02 10:00:00,0.4263,0.4334,0.432,0.4263,28747.43
1785668400,2026-08-02 11:00:00,0.4236,0.4302,0.4263,0.4244,56657.46
1785672000,2026-08-02 12:00:00,0.4214,0.4257,0.4241,0.4226,71107.14
1785675600,2026-08-02 13:00:00,0.419,0.4232,0.4228,0.4195,38384.24
1785679200,2026-08-02 14:00:00,0.4185,0.4214,0.4193,0.4195,26840.35
1785682800,2026-08-02 15:00:00,0.4136,0.4195,0.4194,0.4139,38714.28
1785686400,2026-08-02 16:00:00,0.4116,0.4175,0.4136,0.413,30360.45
1785690000,2026-08-02 17:00:00,0.4076,0.4128,0.4128,0.41,116282.3
1785693600,2026-08-02 18:00:00,0.4086,0.4132,0.4097,0.4086,52648.24
1785697200,2026-08-02 19:00:00,0.4082,0.4185,0.409,0.4148,45290.31
1785700800,2026-08-02 20:00:00,0.4138,0.4336,0.4148,0.4252,298520.62
1785704400,2026-08-02 21:00:00,0.4242,0.4298,0.4254,0.4264,129141.7
1785708000,2026-08-02 22:00:00,0.422,0.4273,0.426,0.4224,21397.24
1785711600,2026-08-02 23:00:00,0.42,0.4264,0.4228,0.4209,81332.46
1785715200,2026-08-03 00:00:00,0.4127,0.423,0.4207,0.413,88771.15
1785718800,2026-08-03 01:00:00,0.4129,0.4198,0.4129,0.417,61549.39
1785722400,2026-08-03 02:00:00,0.4162,0.4278,0.417,0.4277,60603.13
1785726000,2026-08-03 03:00:00,0.4236,0.4293,0.4277,0.4248,114878.89
1785729600,2026-08-03 04:00:00,0.4163,0.4256,0.4248,0.4176,52958.11
1785733200,2026-08-03 05:00:00,0.4175,0.4241,0.4177,0.4221,27915.82
1785736800,2026-08-03 06:00:00,0.4187,0.4238,0.422,0.4202,18309.16
1785740400,2026-08-03 07:00:00,0.4146,0.4213,0.4203,0.4199,28489.08
1785744000,2026-08-03 08:00:00,0.4148,0.4213,0.4201,0.4162,21277.97
1785747600,2026-08-03 09:00:00,0.4032,0.4173,0.4164,0.4043,141070.11
1785751200,2026-08-03 10:00:00,0.3963,0.4043,0.4042,0.3994,206826.92
1785754800,2026-08-03 11:00:00,0.395,0.404,0.3993,0.396,74130.72
1785758400,2026-08-03 12:00:00,0.395,0.3984,0.3959,0.3977,56314.72
1785762000,2026-08-03 13:00:00,0.3934,0.398,0.3975,0.398,79219.7
1785765600,2026-08-03 14:00:00,0.3952,0.3991,0.3968,0.3985,91341.43
1785769200,2026-08-03 15:00:00,0.3934,0.3983,0.3983,0.3949,56662.28
1785772800,2026-08-03 16:00:00,0.3939,0.4152,0.3948,0.4132,227494.89
1785776400,2026-08-03 17:00:00,0.4098,0.4183,0.4135,0.4148,110057.75
1785780000,2026-08-03 18:00:00,0.4048,0.4157,0.415,0.407,49204.26
1785783600,2026-08-03 19:00:00,0.4016,0.4078,0.4069,0.4018,162708.45
1785787200,2026-08-03 20:00:00,0.4002,0.4049,0.4018,0.4036,39599.15
1785790800,2026-08-03 21:00:00,0.4025,0.4048,0.4035,0.4043,20748.64
1785794400,2026-08-03 22:00:00,0.4045,0.4088,0.4045,0.4068,46490.47
1785798000,2026-08-03 23:00:00,0.4042,0.4076,0.4068,0.4044,24960.86
1785801600,2026-08-04 00:00:00,0.3966,0.4051,0.4043,0.4002,106497.6
1785805200,2026-08-04 01:00:00,0.4003,0.4043,0.4003,0.4019,65733.51
1785808800,2026-08-04 02:00:00,0.3988,0.4023,0.402,0.3989,15545.15
1785812400,2026-08-04 03:00:00,0.395,0.3996,0.3988,0.396,69504.94
1785816000,2026-08-04 04:00:00,0.3924,0.3972,0.3958,0.3969,45008.2
1785819600,2026-08-04 05:00:00,0.396,0.4035,0.3974,0.3999,24619.22
1785823200,2026-08-04 06:00:00,0.3972,0.4037,0.3998,0.3972,28129.27
1785826800,2026-08-04 07:00:00,0.3935,0.3987,0.397,0.3978,69006.14
1785830400,2026-08-04 08:00:00,0.398,0.402,0.398,0.3982,48479.15
1785834000,2026-08-04 09:00:00,0.3963,0.4013,0.399,0.3973,28541.48
1785837600,2026-08-04 10:00:00,0.3969,0.4026,0.3973,0.4014,23136.43
1785841200,2026-08-04 11:00:00,0.3977,0.4026,0.4011,0.399,17253.83
1785844800,2026-08-04 12:00:00,0.3931,0.3988,0.3988,0.3931,41825.81
1785848400,2026-08-04 13:00:00,0.3893,0.3968,0.3932,0.393,175904.35
1785852000,2026-08-04 14:00:00,0.39,0.393,0.3929,0.3908,70971.58
1785855600,2026-08-04 15:00:00,0.3859,0.3907,0.3907,0.3892,77360.97
1785859200,2026-08-04 16:00:00,0.3842,0.3923,0.3894,0.3859,91970.54
1785862800,2026-08-04 17:00:00,0.386,0.3955,0.386,0.3952,130134.36
1785866400,2026-08-04 18:00:00,0.3908,0.3955,0.3955,0.391,34587.56
1785870000,2026-08-04 19:00:00,0.3896,0.3953,0.3906,0.3921,39957.29
1785873600,2026-08-04 20:00:00,0.39,0.3939,0.392,0.3933,28467.77
1785877200,2026-08-04 21:00:00,0.3894,0.3939,0.3939,0.3908,23045.1
1785880800,2026-08-04 22:00:00,0.3886,0.3917,0.3908,0.3887,17341.4
1785884400,2026-08-04 23:00:00,0.3848,0.3896,0.3887,0.3848,47806.31
1785888000,2026-08-05 00:00:00,0.382,0.3908,0.3846,0.3898,85387.98
1785891600,2026-08-05 01:00:00,0.3867,0.3986,0.3897,0.3898,168247.77
1785895200,2026-08-05 02:00:00,0.3894,0.3955,0.3896,0.3918,47323.18
1785898800,2026-08-05 03:00:00,0.3852,0.3934,0.3926,0.3856,53618.14
1785902400,2026-08-05 04:00:00,0.3816,0.386,0.3854,0.3841,60874.6
1785906000,2026-08-05 05:00:00,0.3817,0.385,0.3842,0.383,54360.44
1785909600,2026-08-05 06:00:00,0.3808,0.3861,0.3829,0.383,127858.88
1785913200,2026-08-05 07:00:00,0.3834,0.3925,0.3834,0.3916,33833.42
1785916800,2026-08-05 08:00:00,0.3892,0.3961,0.3914,0.3905,163883.65
1785920400,2026-08-05 09:00:00,0.3888,0.4002,0.3903,0.3976,93630.27
1785924000,2026-08-05 10:00:00,0.3916,0.3996,0.3978,0.3929,172052.89
1785927600,2026-08-05 11:00:00,0.3922,0.3966,0.3933,0.394,45834.57
1785931200,2026-08-05 12:00:00,0.3896,0.3938,0.3938,0.392,26155.94
1785934800,2026-08-05 13:00:00,0.3846,0.3932,0.3924,0.3851,78449.28
1785938400,2026-08-05 14:00:00,0.3765,0.3861,0.3846,0.3823,131657.62
1785942000,2026-08-05 15:00:00,0.3826,0.3914,0.3826,0.3853,60841.16
1785945600,2026-08-05 16:00:00,0.386,0.3909,0.387,0.3875,57764.55
1785949200,2026-08-05 17:00:00,0.3859,0.3885,0.3868,0.3868,24843.61
1785952800,2026-08-05 18:00:00,0.3824,0.3869,0.3868,0.3849,52746.4
1785956400,2026-08-05 19:00:00,0.3858,0.3906,0.3887,0.3858,18124.04
1785960000,2026-08-05 20:00:00,0.3848,0.3927,0.3854,0.3907,35712.6
1785963600,2026-08-05 21:00:00,0.3871,0.397,0.3918,0.3881,34151.06
1785967200,2026-08-05 22:00:00,0.3836,0.3883,0.3883,0.3849,66234.93
1785970800,2026-08-05 23:00:00,0.3835,0.3864,0.3847,0.3835,21302.72
1785974400,2026-08-06 00:00:00,0.3825,0.3941,0.3838,0.3941,104236.76
1785978000,2026-08-06 01:00:00,0.3889,0.3974,0.3942,0.3893,121923.52
1785981600,2026-08-06 02:00:00,0.3829,0.3892,0.3892,0.3851,48222.95
1785985200,2026-08-06 03:00:00,0.3815,0.3865,0.3852,0.3845,120939.66
1785988800,2026-08-06 04:00:00,0.3794,0.387,0.3852,0.3821,132021.71
1785992400,2026-08-06 05:00:00,0.3775,0.3826,0.3826,0.3813,45528.73
1785996000,2026-08-06 06:00:00,0.3791,0.3839,0.3801,0.3811,75447.62
1785999600,2026-08-06 07:00:00,0.3746,0.381,0.3809,0.3756,63241.17
1786003200,2026-08-06 08:00:00,0.3745,0.3777,0.3758,0.3762,32272.59
1786006800,2026-08-06 09:00:00,0.3723,0.3872,0.3757,0.3862,135935
1786010400,2026-08-06 10:00:00,0.3793,0.3873,0.386,0.3793,35829.86
1786014000,2026-08-06 11:00:00,0.3769,0.3847,0.3783,0.382,37348.72
1786017600,2026-08-06 12:00:00,0.3814,0.3842,0.3831,0.3842,37929.56
1786021200,2026-08-06 13:00:00,0.3833,0.3915,0.3833,0.3912,36645.59
1786024800,2026-08-06 14:00:00,0.3908,0.3965,0.391,0.3944,42245.88
1786028400,2026-08-06 15:00:00,0.3853,0.3966,0.3951,0.3889,78803.31
1786032000,2026-08-06 16:00:00,0.3885,0.3973,0.3887,0.3942,38066.4
1786035600,2026-08-06 17:00:00,0.3936,0.3974,0.3945,0.3962,76011.27
1786039200,2026-08-06 18:00:00,0.3948,0.4145,0.3948,0.4134,168504.74
1786042800,2026-08-06 19:00:00,0.4141,0.4271,0.4147,0.4225,237559.57
1786046400,2026-08-06 20:00:00,0.4188,0.4301,0.4214,0.4282,151808.6
1786050000,2026-08-06 21:00:00,0.4029,0.4283,0.4282,0.4039,287838.25
1786053600,2026-08-06 22:00:00,0.3954,0.4036,0.4026,0.3975,32273.58
1786057200,2026-08-06 23:00:00,0.3951,0.3981,0.3979,0.3967,55952.58
1786060800,2026-08-07 00:00:00,0.3932,0.4052,0.3965,0.4049,42116.3
1786064400,2026-08-07 01:00:00,0.4009,0.4121,0.4048,0.4076,46531.7
1786068000,2026-08-07 02:00:00,0.3955,0.4119,0.4077,0.3965,45827.15
1786071600,2026-08-07 03:00:00,0.3957,0.3984,0.3957,0.3968,4539.46
1786075200,2026-08-07 04:00:00,0.3904,0.4021,0.3945,0.4021,15424.39
1786078800,2026-08-07 05:00:00,0.3969,0.4035,0.4033,0.3978,12946.78
1786082400,2026-08-07 06:00:00,0.3838,0.3973,0.3973,0.3851,33108.01
1786086000,2026-08-07 07:00:00,0.3822,0.3874,0.3853,0.3838,65798.51
1786089600,2026-08-07 08:00:00,0.3781,0.3845,0.3843,0.3797,25236.63
1786093200,2026-08-07 09:00:00,0.3784,0.3813,0.3791,0.3808,72346.56
1786096800,2026-08-07 10:00:00,0.3765,0.3804,0.38,0.3765,81453
1786100400,2026-08-07 11:00:00,0.3761,0.3806,0.3765,0.3779,104540.2
1786104000,2026-08-07 12:00:00,0.3769,0.3823,0.3772,0.3804,96492.94
1786107600,2026-08-07 13:00:00,0.3787,0.3827,0.3805,0.3794,39397.28
1786111200,2026-08-07 14:00:00,0.3773,0.3808,0.378,0.3773,24073.24
1786114800,2026-08-07 15:00:00,0.3775,0.3807,0.3776,0.3796,123590.82
1786118400,2026-08-07 16:00:00,0.3792,0.389,0.3796,0.3858,378511.31
1786122000,2026-08-07 17:00:00,0.3848,0.3915,0.3856,0.3878,265966.81
1786125600,2026-08-07 18:00:00,0.3826,0.3895,0.3895,0.3833,4478.36
1786129200,2026-08-07 19:00:00,0.3805,0.3857,0.3838,0.3825,134933.65
1786132800,2026-08-07 20:00:00,0.381,0.385,0.3825,0.382,16474.38
1786136400,2026-08-07 21:00:00,0.3818,0.3867,0.3821,0.3867,46884.69
1786140000,2026-08-07 22:00:00,0.3841,0.3912,0.3877,0.3843,69071.56
1786143600,2026-08-07 23:00:00,0.3836,0.391,0.3836,0.39,92741.3
1786147200,2026-08-08 00:00:00,0.3921,0.4041,0.3936,0.3997,41841.67
